society_id,society_name,region,lat,lon,focal_year,EA031_code,EA031_label,comment,references
Aa1,!Kung,,-20,21,1950,1,<50,,biesele1972; biesele1975; biesele1976; draper1972; draper1975; drapernd; hansenetal1969; harpending1971; howell1979; howellnd; konner1971; konner1972; konner1973; konner1977; lee1966; lee1968; lee1972a; lee1974; lee1979; leeanddevore1976; marshall1956; marshall1957; marshall1957a; marshall1957b; marshall1958; marshall1959; marshall1960; marshall1961; marshall1962; marshall1965; marshall1976; marshallandmarshall1956; schapera1930; shostak1981; thomas1959; tobias1978
Aa2,Dorobo,,0,36,1920,1,<50,,huntingford1929; huntingford1942; huntingford1951; huntingford1953b; huntingford1954; huntingford1955a
Aa3,Nama,,-26,18,1840,3,100-199,,hoernl1918; hoernl1925; kohler1970; murdock1934b:475-507; schapera1930; schultze1907
Aa4,Bergdama,,-22,16,1920,NA,Missing data,,
Aa5,Mbuti,,2,28,1930,3,100-199,,deleeuwe1966; hart1978; putnam1948; turnbull1961; turnbull1965a; turnbull1965b; turnbull1965c; turnbull1983
Aa6,Sandawe,,-5,36,1920,NA,Missing data,,
Aa7,Naron,,-20,24,1910,1,<50,,bleek1924b; bleek1928; passarge1907; schapera1930
Aa8,/Xam,,-30,23,1850,1,<50,,barrow180104; bleek1924b; fritsch1872
Aa9,Hadza,,-3,35,1910,1,<50,"For camps, but 100-199 (code ""3"") for bands comprising a number of camps",bleek1931b; kohllarsen1958; woodburn1964; woodburn1968a; woodburn1968b; woodburn1970
Ab1,Herero,,-21,16,1900,NA,Missing data,,
Ab10,Pondo Xhosa,,-31,30,1936,NA,Missing data,,
Ab11,Xhosa Ngqika,,-32.89,27.91,1850,NA,Missing data,,
Ab12,Zulu,,-29,31,1830,NA,Missing data,,
Ab13,Tswana,,-24,27,1880,7,5000-50000,,brown1926; dorman1935; duggancronin1929; livingstone1858; schapera1938; schapera1941; schapera1950; schapera1953; schpera1941
Ab14,Lovedu,,-24,31,1930,5,400-1000,,krigeandkrige1943
Ab15,Pedi,,-25,30,1860,4,200-399,,duggancronin1931; franz1931; harries1939; harris1929; pitje1950; vanwarmelo1931; winter1914
Ab16,Lenge,,-25,34,1930,NA,Missing data,,
Ab17,Ndau,,-20,34,1920,NA,Missing data,,
Ab18,Shona,,-19,31,1920,3,100-199,,bullock1928; holleman1952; kuper1955; prost1956; seed193233
Ab19,Ambo,,-17,16,1910,NA,Missing data,,
Ab2,Swazi,,-27,32,1880,NA,Missing data,,
Ab20,Ngumbi,,-15,15,1880,NA,Missing data,,
Ab21a,Kisama,,-10,14,1930,NA,Missing data,,
Ab21b,Bomvana,,-32.17,28.93,1925,NA,Missing data,,
Ab22,Chopi,,-24.76,34.47,1920,NA,Missing data,,
Ab3,Lozi,,-15,23,1890,2,50-99,,bertrand1899; gluckman1941; gluckman1950; gluckman1951; gluckman1972; holub1895; mainga1973; turner1952
Ab4,Tsonga,,-24,32,1920,NA,Missing data,,
Ab5,Mbundu,,-12,16,1930,4,200-399,,childs1949; duffy1959; edwards1962; hambly1934; mcculloch1952
Ab6,Venda,,-23,30,1900,4,200-399,,gottschling1905; stayt1931; warmelo1948; wessmann1908
Ab7,Nyaneka,,-15,14,1920,NA,Missing data,,
Ab8,Sotho,,-29,28,1860,4,200-399,,ashton1952; casilis1859; dutton1923; krige1937; mabille1906; martin1903; sheddick1953
Ab9,Ndebele,,-20,28,1870,7,5000-50000,,hughesandvanvelsen1955; jackson192627; thomas1872
Ac1,Ila,,-16,27,1920,4,200-399,,smithanddale1920; tudennd
Ac10,Chewa,,-14,33,1920,3,100-199,,bruwer1949; bruwer1955; hodgson1933; marwick1952; ntara1934; read1938; richards1950; tew1950
Ac11,Luvale,,-12,22,1930,NA,Missing data,,
Ac12,Chokwe,,-10,21,1920,NA,Missing data,,
Ac13,Tonga,,-12,34,1950,2,50-99,,tew1950; velsen1964
Ac14,Bakongo,,-7,15,1900,NA,Missing data,,
Ac15,Mbala,,-5,18,1900,NA,Missing data,,
Ac16,Mitsogho,,-1,12,1940,NA,Missing data,,
Ac17,Suku,,-6,18,1910,2,50-99,,holemans1959; kopytoff1961; kopytoff1964; kopytoff1965; kopytoff1971; kopytoff1977; tordayandjoyce1906; vandeginste1947
Ac18,Sundi,,-5,14,1910,2,50-99,,even1931; hutereau1910b; laman1953; soret1959
Ac19,Teke,,-3,15,1880,2,50-99,,badier1929; descazes1885; guiral1886; trezenem1940
Ac2,Pende,,-6,20,1920,NA,Missing data,,
Ac20,Yaka,,-7,17,1920,NA,Missing data,,
Ac21,Bunda,,-5,19,1910,NA,Missing data,,
Ac22,Dzing,,-4,20,1930,3,100-199,,mertens1935
Ac23,Lele,,-5,21,1950,3,100-199,,douglas1952; douglas1962; douglas1963; tew1951; vansina1954b
Ac24,Sakata,,-3,18,1910,NA,Missing data,,
Ac25,Songo,,-5,18,1930,NA,Missing data,,
Ac26,Yanzi,,-4,18,1920,NA,Missing data,,
Ac27,Luchazi,,-13,23,1930,NA,Missing data,,
Ac28,Luimbe,,-12,18,1930,NA,Missing data,,
Ac29,Luwa,,-7,19,1930,NA,Missing data,,
Ac3,Bemba,,-11,31,1900,3,100-199,,delhaise1908; gouldsburyandsheane1911; richards1939; richards1940a; richards1940b; richards1948; richards1950; richards1951; richards1956; richards1968; richards1971; richardsandtardits1974; tardits1974
Ac30,Plateau Tonga,,-18,28,1940,4,200-399,,allanetal1948; colson1950; colson1951; colson1960; jaspan1953
Ac31,Buye,,-7,28,1910,NA,Missing data,,
Ac32,Kaonde,,-13,26,1920,NA,Missing data,,
Ac33,Lala,,-15,31,1940,2,50-99,,lambo1946; munday1941; whiteley1951
Ac34,Luapula,,-10,29,1940,5,400-1000,,cunnison1950; cunnison1959; gamitto1854; slaski1951
Ac35,Shila,,-10,28,1900,NA,Missing data,,
Ac36,Tumbuka,,-12,34,1920,NA,Missing data,,
Ac37,Kunda,,-15,32,1950,2,50-99,,bruwer1958
Ac38,Nyanja,,-16,36,1910,NA,Missing data,,
Ac39,Nyasa,,-13,35,1920,NA,Missing data,,
Ac4,Kuba,,-5,22,1910,3,100-199,,tordayandjoyce1910; vansina1954a; vansina1962
Ac40,Sena,,-18,35,1900,2,50-99,,maugham1910; menteirolopez1906; schebesta1926
Ac41,Makonde,,-11,40,1900,NA,Missing data,,
Ac42,Makua,,-15,39,1900,NA,Missing data,,
Ac43,Mambwe,,9,32,1910,3,100-199,,watson1954b; willis1966
Ac5,Lamba,,-13,28,1920,NA,Missing data,,
Ac6,Ndembu,,-11,26,1930,1,<50,,baumann1935; chook1967; mcculloch1951; turner1957; turner1966
Ac7,Yao,,-13,36,1920,3,100-199,,lawson1949; mitchell1949; mitchell1956; sanderson1920; stannus1922
Ac8,Yombe,,-5,13,1930,4,200-399,,decleene1937a; decleene1937b; deleval1912; vanoverbergh1907b; vanreeth1935
Ac9,Ngoni,,-12,33,1940,3,100-199,,barnes1951; barnes1954; mead1960; tew1950
Ad1,Bajuni,,-2,41,1950,NA,Missing data,,
Ad10,Shambaa,,-5,38,1910,3,100-199,,eichhorn191124; lang1903; warburg1894; winans1962; wohlrab1918
Ad11,Bena,,-9,36,1930,NA,Missing data,,
Ad12,Gusii,,-1,35,1940,NA,Missing data,,
Ad13,Kiga,,-3,30,1930,NA,Missing data,,
Ad14,Luguru,,-8,38,1930,NA,Missing data,,
Ad15,Iwa,,-10,32,1900,3,100-199,,chisholm1910; coxhead1914; willis1966; wilson1958
Ad16,Ngonde,,-10,34,1920,NA,Missing data,,
Ad17,Safwa,,-8,33,1920,NA,Missing data,,
Ad18,Bende,,-7,31,1910,NA,Missing data,,
Ad19,Fipa,,-8,31,1910,3,100-199,,fromm1912; popplewell1937; willis1966
Ad2,Nyoro,,2,32,1950,5,400-1000,,beattie1960; beattie1965; richards1960b; roscoe1923a; taylor1962
Ad20,Nyamwezi,,-5,33,1920,2,50-99,,blohm193133; bosch1930; spellig1927
Ad21,Pimbwe,,-7,31,1930,NA,Missing data,,
Ad22,Sukuma,,-3,34,1950,NA,Missing data,,
Ad23,Sangu,,-8,34,1910,NA,Missing data,,
Ad24,Gogo,,-7,36,1910,5,400-1000,,claus1911; paulssen1922; rigby1966; schaegelen1938
Ad25,Rangi,,-5,36,1900,NA,Missing data,,
Ad26,Turu,,-5,34,1910,NA,Missing data,,
Ad27,Kwere,,-7,39,1880,NA,Missing data,,
Ad28,Zigula,,-5.84,38.79,1880,NA,Missing data,,
Ad29,Hadimu,,-6.07,39.43,1930,NA,Missing data,,
Ad3,Chagga,,-3,37,1910,5,400-1000,,abbott1892; dundas1924; gutmann1913; gutmann1926; raum1940; stahl1964
Ad30,Digo,,-4,39,1890,NA,Missing data,,
Ad31,Duruma,,-4,39,1910,NA,Missing data,,
Ad32,Giriama,,-3,40,1900,NA,Missing data,,
Ad33,Pokomo,,-1,40,1900,NA,Missing data,,
Ad34,Kamba,,-2,38,1910,NA,Missing data,,
Ad35,Meru,,0,35,1940,NA,Missing data,,
Ad36,Pare,,-4,38,1890,NA,Missing data,,
Ad37,Teita,,-4,39,1940,3,100-199,,bostock1950; prins1950; prins1952
Ad38,Kara,,-2,33,1910,4,200-399,,paterson1956; paulssen1914; thorntonandrounce1936
Ad39,Sonjo,,-3,36,1950,5,400-1000,,gray1963
Ad4,Kikuyu,,-1,37,1930,4,200-399,,cagnolo1933; hailey1950; kenyatta1939; lambert1950; lambert1956; leakey1952; leakey1977; macphee1968; middleton1953; ross1968; routledgeandroutledge1910; tignor1976
Ad40,Tiriki,,0,35,1950,5,400-1000,,sangree1965
Ad41,Vugusu,,1,35,1930,4,200-399,,wagner1939; wagner1940; wagner194950
Ad42,Haya,,-1,32,1900,4,200-399,,autenrieth1908; cesard193537; coryandhartnoll1945; rehse1910; taylor1962; weiss1926
Ad43,Kerewe,,-3,33,1900,NA,Missing data,,
Ad44,Konjo,,-1,30,1920,NA,Missing data,,
Ad45,Nyankole,,0,31,1920,3,100-199,,oberg1938; oberg1940; roscoe1923b; taylor1962
Ad46,Soga,,1,33,1950,NA,Missing data,,
Ad47,Sumbwa,,-4,32,1900,NA,Missing data,,
Ad48,Toro,,1,31,1950,NA,Missing data,,
Ad49,Zinza,,-3,31,1950,NA,Missing data,,
Ad5,Mbugwe,,-4,36,1940,NA,Missing data,,
Ad50,Kaguru,,-6,37,1900,NA,Missing data,,
Ad51,Ngulu,,-6,38,1930,NA,Missing data,,
Ad6,Nyakyusa,,-9,34,1930,3,100-199,,charsleyandmckenny1974; lehmann1951; mckenny1973; wilson1936; wilson1938; wilson1951a; wilson1951b; wilson1957; wilson1959; wilson1977
Ad7,Ganda,,1,32,1880,7,5000-50000,,fallers1960; kagwa1934; kottack1972; lugira1970; mair1934; malysevand; murdock1934k; perlman1969; richards1960a; richards1966; roscoe1911; rusch1975; semakulakiwanuka1972; southwold1965; southwold1971
Ad8,Hehe,,-8,35,1910,NA,Missing data,,
Ad9,Gisu,,1,34,1900,NA,Missing data,,
Ae1,Amba,,1,30,1950,3,100-199,,winter1956; winter1958
Ae10,Banyaruanda,,-2,30,1910,3,100-199,,czekanowski1917; dhertefelt1965; dhertefeltetal1962; maquet1955; maquet1967; pages1933; vanhove1941
Ae11,Songola,,-4,26,1900,NA,Missing data,,
Ae12,Duala,,4,10,1940,NA,Missing data,,
Ae13,Bashi,,-2,29,1920,NA,Missing data,,
Ae14,Ha,,-5,30,1950,NA,Missing data,,
Ae15,Hunde,,-2,28,1940,NA,Missing data,,
Ae16,Lulua,,-6,23,1910,NA,Missing data,,
Ae17,Rega,,-3,28,1900,NA,Missing data,,
Ae18,Songye,,-6,25,1900,NA,Missing data,,
Ae19,Garanganze,,-11,28,1930,NA,Missing data,,
Ae2,Kpe,,4.22,9.27,1950,2,50-99,,ardener1956; leuschner1903
Ae20,Ekonda,,-2,18,1940,NA,Missing data,,
Ae21,Kela,,-3,23,1920,NA,Missing data,,
Ae22,Kutsu,,-4,22,1900,NA,Missing data,,
Ae23,Lalia,,-1,23,1930,NA,Missing data,,
Ae24,Mongo,,1,22,1920,NA,Missing data,,
Ae25,Tetela,,-4,25,1920,NA,Missing data,,
Ae26,Topoke,,0,24,1910,NA,Missing data,,
Ae27,Lokele,,1,25,1910,NA,Missing data,,
Ae28,Ngala,,1,18,1900,4,200-399,,burssens1958; vanoverbergh1907a; weeks190910; weeks1913
Ae29,Poto,,2,22,1900,NA,Missing data,,
Ae3,Fang,,1,11,1910,2,50-99,,alexandreandbinet1958; tessmann1913; trezenem1936
Ae30,Bira,,1,29,1920,3,100-199,,czekanowski1924:327-357; vangeluwe1956
Ae31,Budu,,2,28,1920,4,200-399,,czekanowski1924:282-297; vangeluwe1960
Ae32,Kumu,,-1,27,1920,2,50-99,,vangeluwe1956
Ae33,Ndaka Babali,,1,27,1920,NA,Missing data,,
Ae34,Plains Bira,,1,30,1920,NA,Missing data,,
Ae35,Rumbi,,0,28,1900,NA,Missing data,,
Ae36,Bombesa,,1,23,1920,NA,Missing data,,
Ae37,Budja,,3,23,1930,NA,Missing data,,
Ae38,Ndoko,,2,21,1920,NA,Missing data,,
Ae39,Ngombe,,2,20,1920,3,100-199,,burssens1958; wolfe1961; wolfe1965
Ae4,Nkundo,,0,20,1930,NA,Missing data,,
Ae40,Dzem,,3,14,1910,NA,Missing data,,
Ae41,Kota,,1,14,1940,NA,Missing data,,
Ae42,Ngumba,,3,11,1900,NA,Missing data,,
Ae43,Sanga,,2,16,1900,NA,Missing data,,
Ae44,Bubi,,3.54,8.72,1920,NA,Missing data,,
Ae45,Kundu,,10,9,1900,4,200-399,,bufe1913; lessner1904
Ae46,Mpongwe,,-2,10,1870,NA,Missing data,,
Ae47,Puku,,2,10,1900,NA,Missing data,,
Ae48,Bafia,,5,11,1930,NA,Missing data,,
Ae49,Bali Nyonga,,6,10,1900,NA,Missing data,,
Ae5,Bamileke,,5,10,1910,NA,Missing data,,
Ae50,Bamum,,6,11,1920,NA,Missing data,,
Ae51,Banen,,5,11,1940,NA,Missing data,,
Ae52,Fungom,,7,10,1950,NA,Missing data,,
Ae53,Koko,,4,11,1920,NA,Missing data,,
Ae54,Kom,,6,10,1950,NA,Missing data,,
Ae55,Ndob,,6,10,1950,NA,Missing data,,
Ae56,Nsaw,,6,11,1950,5,400-1000,,kaberry1952; mccullochetal1954
Ae57,Nsungli,,6,11,1930,NA,Missing data,,
Ae58,Tikar,,6,12,1910,2,50-99,,thorbecke1916; thorbeckeandthorbecke1919
Ae59,Widikum,,6,10,1950,NA,Missing data,,
Ae6,Luba,,-8,26,1930,NA,Missing data,,
Ae7,Baboa,,3,25,1910,NA,Missing data,,
Ae8,Rundi,,-3,30,1910,NA,Missing data,,
Ae9,Fut,,6,10,1950,NA,Missing data,,
Af1,Fon,,7,2,1890,7,5000-50000,,argyle1966; bohannan1949; herskovits1932; herskovits1937a; herskovits1938; herskovitsandherskovits1933; leheriss1911; lombard1967; mercier1954; murdock1934b:551-595; skertchley1874; tarditsandtardits1962
Af10,Igbo,,6,7,1930,5,400-1000,,ardener1954; egboh1971; egboh1972a; egboh1972b; egboh19734; fordeandjones1950; green1947; leithross1939; uchendu1965
Af11,Toma,,11,-9,1920,4,200-399,,gaborydubourdeau1926; rouet1907; schwab1947
Af12,Akyem,,7,-1,1930,NA,Missing data,,
Af13,Ebira,,8,7,1920,NA,Missing data,,
Af14,Sherbro,,7.52,-12.69,1930,NA,Missing data,,
Af15,Kpelle,,7,-9,1920,4,200-399,,gibbs1963; gibbs1965; schwab1947; westermann1921
Af16,Banyang,,6,9,1910,4,200-399,,ruel1956; schuster1914; staschewski1917
Af17,Boki,,6,9,1900,NA,Missing data,,
Af18,Ekoi,,6,8,1900,NA,Missing data,,
Af19,Efik,,5,8,1950,NA,Missing data,,
Af2,Kissi,,9,-10,1950,3,100-199,,neel1913; paulme1954
Af20,Ibibio,,5,8,1910,5,400-1000,,fordeandjones1950; talbot1915; talbot1923
Af21,Ijaw,,4.37,6.58,1920,NA,Missing data,,
Af22,Itsekiri,,6,5,1940,NA,Missing data,,
Af23,Afikpo,,6,8,1950,6,1000-5000,,ottenberg1960; ottenberg1965a; ottenberg1965b
Af24,Edo,,6,6,1900,8,50000+,,bradbury1957; roth1903; thomas1910
Af25,Isoko,,5,6,1930,NA,Missing data,,
Af26,Kukuruku,,7,6,1900,6,1000-5000,,bradbury1957; thomas1910
Af27,Eloyi,,8,8,1950,NA,Missing data,,
Af28,Gbagyi,,10,10,1910,NA,Missing data,,
Af29,Idoma,,7,8,1950,NA,Missing data,,
Af3,Ashanti,,7,-2,1900,7,5000-50000,,busia1951; busia1954; fortes1949b; fortes1950; fortes1969:138-216; fortesetal1947; lystad1958; manoukian1950; rattray1916; rattray1923; rattray1927; rattray1929; service1963; wilks1967; wilks1975
Af30,Igala,,7,7,1920,7,5000-50000,,clifford1936; fordeetal1955; mocklerferryman1892; seton192930
Af31,Koro,,18,8,1960,NA,Missing data,,
Af32,Egba,,7,3,1920,7,5000-50000,,ajisafe1924; forde1951
Af33,Ekiti,,8,5,1950,7,5000-50000,,forde1951; lloyd1955; lloyd1965; ward1937
Af34,Ife,,7,5,1930,8,50000+,,bascom1942; bascom1944; forde1951
Af35,Adangme,,6,0,1940,NA,Missing data,,
Af36,Ewe,,7,1,1900,NA,Missing data,,
Af37,Buem,,7.22,0.46,1900,4,200-399,,asmis1911; hinderling195253; plehn1898
Af38,Abron,,7.53,-2.15,1900,NA,Missing data,,
Af39,Anyi,,7,-4,1900,NA,Missing data,,
Af4,Yako,,6,8,1930,7,5000-50000,,forde1939; forde1941; forde1950; forde1952; forde1964
Af40,Assini,,5.27,-3.58,1890,NA,Missing data,,
Af41,Attie,,6,-4,1890,NA,Missing data,,
Af42,Fante,,6,-1,1900,NA,Missing data,,
Af43,Ga,,6,0,1930,NA,Missing data,,
Af44,Alagya,,5.22,-4.42,1900,NA,Missing data,,
Af45,Avikam,,5.15,-5.25,1900,NA,Missing data,,
Af46,Bakwe,,5,-7,1900,NA,Missing data,,
Af47,Krahn,,6,-8,1940,3,100-199,,beckerdonner1944; schwab1947
Af48,Kru,,5,-9,1850,NA,Missing data,,
Af49,Sapo,,6,-9,1940,2,50-99,,schwab1947
Af5,Mende,,8,-11,1930,5,400-1000,,bockani1945; crosby1937; little1947; little1948; little1951; little1954; little1970; mcculloch1950; staub1936
Af50,Dan,,8,-8,1920,NA,Missing data,,
Af51,Gagu,,7,-6,1920,5,400-1000,,tauxier1924a
Af52,Guro,,7,-6,1920,4,200-399,,tauxier1924a
Af53,Tura,,8,-7,1950,3,100-199,,holas1962
Af54,Gbande,,8,-10,1930,5,400-1000,,germann1933; schwab1947
Af55,Gola,,7,-11,1950,NA,Missing data,,
Af56,Ngere,,7,-8,1930,4,200-399,,schwab1947; viard1934
Af57,Temne,,8.46,-12.64,1910,NA,Missing data,,
Af58,Vai,,6.89,-11.2,1900,NA,Missing data,,
Af6,Oyo Yoruba,,8,4,1950,8,50000+,,forde1951; lloyd1955; schwab1955
Af7,Bete,,6,-7,1950,5,400-1000,,dunglas1939; hallouin1947; kobben1956; paulme1962
Af8,Nupe,,9,6,1930,5,400-1000,,banfieldandmacintyre1915; forde1955; nadel1940; nadel1942; nadel1954
Af9,Baule,,8,-5,1900,NA,Missing data,,
Ag1,Bambara,,13,-7,1920,7,5000-50000,,dieterlen1951; dieterlenandcisse1972; henry1910; monteil1924; monteil1967; paques1954
Ag10,Konkomba,,10,0,1940,NA,Missing data,,
Ag11,Lobi,,10,-4,1910,3,100-199,,charles1911; haumant1929; labouret1931
Ag12,Nankanse,,10,-1,1910,NA,Missing data,,
Ag13,Kasena,,11,-1,1910,NA,Missing data,,
Ag14,Baga,,10,-14,1950,NA,Missing data,,
Ag15,Balanta,,12,-16,1930,NA,Missing data,,
Ag16,Banyun,,12,-16,1930,NA,Missing data,,
Ag17,Biafada,,12,-15,1940,NA,Missing data,,
Ag18,Bijogo,,11.1,-16.15,1930,NA,Missing data,,
Ag19,Diola,,12.88,-16.19,1930,NA,Missing data,,
Ag2,Mossi (Yatenga),,13,-2,1950,7,5000-50000,,hammond1964; hammond1966; hammondnd; izardheritierandizard1959; tauxier1917; yatenga1950
Ag20,Papel,,12,-16,1930,NA,Missing data,,
Ag21,Bassari,,12,-13,1910,NA,Missing data,,
Ag22,Serer,,14,-12,1920,NA,Missing data,,
Ag23,Kasonke,,13,-11,1910,NA,Missing data,,
Ag24,Koranko,,9,-11,1910,NA,Missing data,,
Ag25,Soninke,,15,10,1900,NA,Missing data,,
Ag26,Susu,,15,-13,1930,NA,Missing data,,
Ag27,Diula,,9,-4,1910,NA,Missing data,,
Ag28,Nononke,,14,-4,1930,7,5000-50000,,monteil1932
Ag29,Samo,,13,-3,1910,6,1000-5000,,tauxier1917
Ag3,Dogon,,15,-3,1930,3,100-199,,arnaud1921; dieterlen1956; griauleanddieterlen1954; paulme1940
Ag30,Bobo,,13,-4,1910,4,200-399,,cremer192427; guebhard1911; tauxier1912
Ag31,Minianka,,12,-6,1910,NA,Missing data,,
Ag32,Senufo,,10,-6,1900,NA,Missing data,,
Ag33,Dyan,,11,-3,1920,3,100-199,,labouret1931
Ag34,Dorosie,,11,-4,1930,NA,Missing data,,
Ag35,Kulango,,7,-3,1910,3,100-199,,tauxier1921
Ag36,Lowiili,,11,-3,1950,NA,Missing data,,
Ag37,Awuna,,11,-2,1910,NA,Missing data,,
Ag38,Builsa,,11,-2,1910,NA,Missing data,,
Ag39,Dagara,,11,-3,1910,5,400-1000,,labouret1920; rattray1932; tauxier1912
Ag4,Tallensi,,11,-1,1930,5,400-1000,,fortes1937; fortes1938; fortes1940; fortes1945; fortes1949a; fortes1975; fortesandfortes1936; lynn1937; rattray1932
Ag40,Isala,,10,-2,1910,NA,Missing data,,
Ag41,Kusasi,,11,0,1920,NA,Missing data,,
Ag42,Nunuma,,12,-3,1910,NA,Missing data,,
Ag43,Vagala,,8,-2,1920,NA,Missing data,,
Ag44,Dagomba,,9,0,1910,NA,Missing data,,
Ag45,Gurma,,12,2,1930,7,5000-50000,,cartry1966; castinel1945; menjaud1932
Ag46,Manprusi,,10,-1,1920,NA,Missing data,,
Ag47,Mossi (Ouagadougou),,12,-2,1900,7,5000-50000,,dimdelobosom1933; mangin1921; marc1909; skinner1958; skinner1964; tauxier1912
Ag48,Basari,,9,1,1890,NA,Missing data,,
Ag49,Kabre,,10,2,1930,NA,Missing data,,
Ag5,Birifor,,10,-3,1930,3,100-199,,goody1956; labouret1931; rattray1932
Ag50,Moba,,11,1,1910,NA,Missing data,,
Ag51,Somba,,11,1,1940,NA,Missing data,,
Ag52,Tem,,11,1,1950,NA,Missing data,,
Ag53,Bisa,,12,0,1960,5,400-1000,,bernard1966
Ag54,Yalunka,,10,-12,1910,5,400-1000,,donald1968a; donald1968b; mcculloch1950; thomas1916
Ag6,Futajalonke,,11,-13,1890,NA,Missing data,,
Ag7,Bozo,,14,-5,1930,NA,Missing data,,
Ag8,Coniagui,,13,-13,1910,2,50-99,,delacour191213; lestrange1950; techer1933
Ag9,Malinke,,11,-9,1930,NA,Missing data,,
Ah1,Katab,,10,8,1930,4,200-399,,gunn1956; meek192829; meek1931b; smith1953
Ah10,Chawai,,10,9,1920,4,200-399,,gunn1953; meek1931b
Ah11,Basa,,8,8,1950,NA,Missing data,,
Ah12,Basakomo,,8,7,1920,NA,Missing data,,
Ah13,Dakakari,,12,5,1930,NA,Missing data,,
Ah14,Kamuku,,11,6,1920,NA,Missing data,,
Ah15,Reshe,,11,5,1920,NA,Missing data,,
Ah16,Angas,,9,9,1900,NA,Missing data,,
Ah17,Birom,,10,9,1930,NA,Missing data,,
Ah18,Burmawa,,10,10,1930,NA,Missing data,,
Ah19,Adara,,10,8,1930,NA,Missing data,,
Ah2,Jukun,,8,10,1920,NA,Missing data,,
Ah20,Kagoro,,10,8,1920,NA,Missing data,,
Ah21,Kurama,,10,9,1920,NA,Missing data,,
Ah22,Yergum,,9,10,1900,NA,Missing data,,
Ah23,Jibu,,8,11,1920,NA,Missing data,,
Ah24,Kentu,,7,10,1920,NA,Missing data,,
Ah25,Tigon,,17,11,1920,NA,Missing data,,
Ah26,Ndoro,,7,11,1920,NA,Missing data,,
Ah27,Zuande,,7,11,1920,NA,Missing data,,
Ah28,Chamba,,8,11,1920,NA,Missing data,,
Ah29,Daka,,8,11,1920,NA,Missing data,,
Ah3,Tiv,,7,9,1920,4,200-399,,bohannan1952; bohannan1953; bohannan1954a; bohannan1954b; bohannan1954c; bohannan1955; bohannan1957a; bohannan1957b; bohannan1960; bohannan1965; bohannanandbohannan1953; bohannanandbohannan1957; bohannanandbohannan1958; bohannanandbohannan1968; bohannanandbohannan1969
Ah30,Longuda,,10,12,1920,NA,Missing data,,
Ah31,Mumuye,,9,12,1910,4,200-399,,haughton1912; meek1931b
Ah32,Vere,,9,13,1920,NA,Missing data,,
Ah33,Yungur,,10,12,1920,NA,Missing data,,
Ah34,Bata,,10,13,1920,NA,Missing data,,
Ah35,Bura,,10,12,1920,NA,Missing data,,
Ah36,Gude,,10,13,1920,NA,Missing data,,
Ah37,Hwana,,10,13,1920,NA,Missing data,,
Ah38,Kapsiki,,11,14,1930,NA,Missing data,,
Ah39,Podokwo,,11,14,1950,3,100-199,,lembezat1952; lembezat1961
Ah4,Mambila,,7,12,1920,5,400-1000,,meek1931b; percival1938; rehfisch1960
Ah5,Margi,,11,13,1930,5,400-1000,,meek1931b; rowling1930
Ah6,Gure,,10,8,1920,NA,Missing data,,
Ah7,Mafa,,11,14,1940,NA,Missing data,,
Ah8,Bafute,,6,12,1910,3,100-199,,lembezat1961; sieber1925; thorbecke1916
Ah9,Anaguta,,10,9,1920,4,200-399,,diamond1964; gunn1953
Ai1,Banda,,7,22,1920,NA,Missing data,,
Ai10,Otoro,,12,31,1940,NA,Missing data,,
Ai11,Mangbetu,,3,28,1900,NA,Missing data,,
Ai12,Fali,,10,14,1950,NA,Missing data,,
Ai13,Laka,,8,16,1920,NA,Missing data,,
Ai14,Mbum,,7,14,1920,3,100-199,,lembezat1961; tessmann1929
Ai15,Mundang,,10,14,1900,NA,Missing data,,
Ai16,Namshi,,9,13,1910,NA,Missing data,,
Ai17,Gisiga,,10,14,1930,NA,Missing data,,
Ai18,Kotoko,,12,15,1880,NA,Missing data,,
Ai19,Musgu,,11,15,1910,NA,Missing data,,
Ai2,Nyaro,,11,31,1940,NA,Missing data,,
Ai20,Tupuri,,10,15,1910,NA,Missing data,,
Ai21,Bagirmi,,11,17,1880,7,5000-50000,,duvallee1925; gaden1909; lebeuf1959; nachtigal1881:539-765
Ai22,Sara,,9,18,1890,NA,Missing data,,
Ai23,Bwaka,,3,19,1920,NA,Missing data,,
Ai24,Mandja,,6,18,1900,NA,Missing data,,
Ai25,Mbandja,,4,21,1950,NA,Missing data,,
Ai26,Ngbandi,,4,22,1920,NA,Missing data,,
Ai27,Abarambo,,4,27,1890,NA,Missing data,,
Ai28,Popoi,,2,26,1910,4,200-399,,delhaise1912
Ai29,Lendu,,2,30,1920,NA,Missing data,,
Ai3,Azande,,5,27,1920,3,100-199,,baxterandbutt1953; deschlippe1956; evanspritchard1932b; evanspritchard1937; evanspritchard1956; evanspritchard1957; evanspritchard1963; evanspritchard1971; evanspritchard1971; evanspritchard1974; larkin192627; legae1926; reining1966; schweinfurth1873; seligmanandseligman1932
Ai30,Lese,,2,29,1920,NA,Missing data,,
Ai31,Logo,,3,30,1920,NA,Missing data,,
Ai32,Lugbara,,3,32,1920,NA,Missing data,,
Ai33,Madi,,4,32,1940,NA,Missing data,,
Ai34,Moru,,5,30,1880,NA,Missing data,,
Ai35,Bongo,,7,29,1870,NA,Missing data,,
Ai36,Jur,,8,28,1920,4,200-399,,bernatzik1936; butt1952b; crazzolara1954; ghawi1924; manuel1965; santandrea194445
Ai37,Koalib,,12,31,1940,NA,Missing data,,
Ai38,Korongo,,10,30,1930,NA,Missing data,,
Ai39,Mesakin,,11,30,1940,NA,Missing data,,
Ai4,Ingassana,,11,34,1920,NA,Missing data,,
Ai40,Moro,,11,30,1940,NA,Missing data,,
Ai41,Tira,,11,30,1930,NA,Missing data,,
Ai42,Tullishi,,12,29,1940,NA,Missing data,,
Ai43,Nyimang,,12,29,1930,NA,Missing data,,
Ai44,Anuak,,8,34,1920,4,200-399,,bacon1922; evanspritchard1940; evanspritchard1947; lienhardt195758
Ai45,Meban,,10,34,1930,NA,Missing data,,
Ai46,Koma,,9,35,1930,NA,Missing data,,
Ai47,Mao,,9,35,1939,NA,Missing data,,
Ai5,Mamvu,,3,29,1920,2,50-99,,czekanowski1924:400-467; vangeluwe1957
Ai6,Shilluk,,10,32,1900,5,400-1000,,butt1952b; cann1929; dempsey1955; evanspritchard1948; hofmayr1925; howell1941; lienhardt1954; pumphrey1941; seligmanandseligman1932; westermann1912
Ai7,Gbaya,,6,16,1910,4,200-399,,clozel1896; hartmann1927; poupon1915; tessmann193437
Ai8,Dilling,,12,30,1930,NA,Missing data,,
Ai9,Masa,,10,16,1910,4,200-399,,garine1964; lembezat1961; vonhagen1912
Aj1,Teso,,2,34,1950,NA,Missing data,,
Aj10,Acholi,,3,32,1920,NA,Missing data,,
Aj11,Dinka,,9,29,1900,NA,Missing data,,
Aj12,Lotuko,,4,33,1920,5,400-1000,,molinaro194041; nalder1937; seligmanandseligman1926; seligmanandseligman1932
Aj13,Pojulu,,4,31,1930,NA,Missing data,,
Aj14,Kakwa,,4,31,1931,NA,Missing data,,
Aj15,Kuku,,4,32,1900,NA,Missing data,,
Aj16,Mondari,,6,31,1930,NA,Missing data,,
Aj17,Alur,,2,31,1890,NA,Missing data,,
Aj18,Bodi,,5,35,1950,NA,Missing data,,
Aj19,Didinga,,4,34,1920,NA,Missing data,,
Aj2,Maasi,,-2,36,1900,2,50-99,"50-99 (code ""2"") or 100-199 (code ""3"") if several associated camps or kraals are considered a community",baumann1894; fosbrooke1948; hollis1905; huntingford1953b; merker1904
Aj20,Suri,,6,35,1940,NA,Missing data,,
Aj21,Jie,,3,34,1930,NA,Missing data,,
Aj22,Labwor,,3,34,1930,NA,Missing data,,
Aj23,Plains Suk,,1,36,1950,NA,Missing data,,
Aj24,Toposa,,5,34,1930,NA,Missing data,,
Aj25,Keyu,,0,36,1920,NA,Missing data,,
Aj26,Hill Suk,,1,36,1910,NA,Missing data,,
Aj27,Sapei,,1,35,1920,NA,Missing data,,
Aj28,Tatoga,,-5,35,1940,NA,Missing data,,
Aj29,Samburu,,1,37,1950,1,<50,,spencer1965
Aj3,Nuer,,8,32,1930,NA,Missing data,,
Aj30,Karamojong,,2,34,1950,NA,Missing data,,
Aj31,Pari,,5,33,1920,NA,Missing data,,
Aj4,Lango,,2,33,1920,3,100-199,,driberg1923; hayley1947
Aj5,Turkana,,4,35,1920,NA,Missing data,,
Aj6,Luo,,-1,34,1940,3,100-199,,butt1952a; evanspritchard1949a; evanspritchard1950a; hartmann1928; hobley1902; owen1933; shaw1932; southall1952
Aj7,Nandi,,0,35,1910,NA,Missing data,,
Aj8,Bari,,5,32,1920,NA,Missing data,,
Aj9,Kipsigis,,-1,36,1920,NA,Missing data,,
Ca1,Konso,,6,37,1930,6,1000-5000,,cerulli1956; hallpike1969; jensen1936; kluckhohn1962
Ca10,Somali (Esa),,10,43,1880,NA,Missing data,,
Ca11,Arusi,,8,40,1890,NA,Missing data,,
Ca12,Gibe,,8,37,1880,NA,Missing data,,
Ca13,Macha,,9,37,1950,NA,Missing data,,
Ca14,Burji,,5,38,1950,NA,Missing data,,
Ca15,Darasa,,6,38,1930,NA,Missing data,,
Ca16,Sidama,,7,38,1930,NA,Missing data,,
Ca17,Tsamai,,5,37,1950,NA,Missing data,,
Ca18,Arbore,,5,37,1940,4,200-399,,cerulli1956; jensen1959; ricci1950
Ca19,Banna,,6,36,1950,NA,Missing data,,
Ca2,Somali (Dolbahanta),,8,48,1950,1,<50,,lewis1955; lewis1957; lewis1961; lewis1962b; lewis1962c; lewis1965a; paulitschke1888; puccioni1936
Ca20,Galab,,5,36,1890,NA,Missing data,,
Ca21,Hamar,,5,36,1950,NA,Missing data,,
Ca22,Male,,6,37,1950,NA,Missing data,,
Ca23,Bako,,6,37,1950,NA,Missing data,,
Ca24,Dime,,6,36,1950,NA,Missing data,,
Ca25,Shangama,,6,37,1950,NA,Missing data,,
Ca26,Ubamer,,6,37,1950,NA,Missing data,,
Ca27,Anfillo,,9,35,1930,NA,Missing data,,
Ca28,Basketo,,6,37,1950,NA,Missing data,,
Ca29,Yem,,8,38,1920,NA,Missing data,,
Ca3,Tigrinya,,14,39,1950,7,5000-50000,,fischer1957b; munzinger1864; nadel1946
Ca30,Kafa,,7,36,1890,NA,Missing data,,
Ca31,Beta Israel,,12,37,1860,NA,Missing data,,
Ca32,Nara,,16,38,1860,NA,Missing data,,
Ca33,Kunama,,15,37,1860,NA,Missing data,,
Ca34,Ababda,,24,34,1920,1,<50,,klunzinger1876; murray1923; murray1935
Ca35,Amarar,,20,36,1930,NA,Missing data,,
Ca36,Beni-Amer,,18,38,1860,NA,Missing data,,
Ca37,Blin,,16,36,1850,NA,Missing data,,
Ca38,Tigre,,17,39,1860,3,100-199,,littman1910; munzinger1864
Ca39,Jimma,,8,37,1930,NA,Missing data,,
Ca4,Iraqw,,-4,35,1950,3,100-199,,huntingford1953b; winter1955; winterandmolyneaux1963
Ca40,Baditu,,6,38,1950,NA,Missing data,,
Ca41,Dorse,,6,38,1950,NA,Missing data,,
Ca42,Shako,,7,36,1950,NA,Missing data,,
Ca43,Hadendowa,,18,36,1930,NA,Missing data,,
Ca5,Bisharin,,20,35,1930,NA,Missing data,,
Ca6,Afar,,12,42,1880,3,100-199,,lewis1955; lucas1935; paulitschke189396a; scaramucciandgiglioli1884
Ca7,Amhara,,13,38,1950,8,50000+,,lipsky1962; messing1957
Ca8,Gurage,,8,38,1940,NA,Missing data,,
Ca9,Goroa,,-4,36,1890,NA,Missing data,,
Cb1,Maguzawa,,12,10,1940,NA,Missing data,,
Cb10,Karekare,,12,11,1920,3,100-199,,meek1931b
Cb11,Midobi,,16,27,1900,NA,Missing data,,
Cb12,Gimma,,13,32,1920,NA,Missing data,,
Cb13,Habbaniya,,11,25,1930,NA,Missing data,,
Cb14,Hemat,,11,20,1910,NA,Missing data,,
Cb15,Messiria Humr,,11,28,1940,2,50-99,,cunnison1954; henderson1939
Cb16,Shuwa,,13,15,1920,NA,Missing data,,
Cb17,Fur,,12,24,1880,NA,Missing data,,
Cb18,Kanembu,,14,14,1930,NA,Missing data,,
Cb19,Kanuri,,12,13,1870,7,5000-50000,,cohen1960; cohen1961; cohen1967; denhamandclapperton1826; nachtigal1881; schultze1913
Cb2,Wolof,,15,-17,1950,8,50000+,"But 100-199 (code ""3"") if Dakar is not considered an indigenous city",ames1953; ames1959a; ames1959b; ames1962; falad1963; gailey1965; gamble1957; gray1966; irvine1973; trimingham1962
Cb20,Zerma,,13,3,1920,NA,Missing data,,
Cb21,Djafun,,8,13,1930,NA,Missing data,,
Cb22,Liptako,,14,0,1920,NA,Missing data,,
Cb23,Tukulor,,14.73,-14.32,1930,NA,Missing data,,
Cb24,Wodaabe Fulani,,12,12,1950,2,50-99,,dupire1962a; dupire1962b; dupire1963; hopen1958; johnson1967; riesman1977; stcroix1972; stenning1958; stenning1959; stenning1965
Cb25,Tazarawa Hausa,,14,8,1930,NA,Missing data,,
Cb26,Zazzagawa Hausa,,11,8,1950,8,50000+,,dry1956; greenberg1946; greenberg1947; hill1972; prothero1957; smith1954a; smith1955b; smith1960; smith1962; smith1965; smith1967; smith1978b
Cb27,Bachama,,10,12,1920,NA,Missing data,,
Cb28,Dera,,10,12,1920,NA,Missing data,,
Cb29,Ngizim,,12,10,1920,NA,Missing data,,
Cb3,Songhai,,17,-1,1940,7,5000-50000,,jacquemond1959; miner1953; prost1954; prost1970; rouch1954; rouch1960; sarr1973
Cb4,Hasania,,14,32,1920,NA,Missing data,,
Cb5,Buduma,,13,15,1910,NA,Missing data,,
Cb6,Tera,,11,12,1920,NA,Missing data,,
Cb7,Bolewa,,11,11,1920,NA,Missing data,,
Cb8,Bororo Fulani,,13,5,1920,2,50-99,,faidherbe1882; fordeandscott1946; stcroix1944; stenning1959; wilsonhaffenden1925
Cb9,Hausa Kanawa,,12,9,1940,8,50000+,,fordeandscott1946; smith1955a
Cc1,Regeibat,,22,-13,1950,NA,Missing data,,
Cc10,Asben,,18,8,1900,2,50-99,,jean1909; joubert1939; nicolaisen1963; nicolas1950; rodd1926
Cc11,Azjer,,25,10,1860,NA,Missing data,,
Cc12,Ifora,,20,2,1944,NA,Missing data,,
Cc13,Udalan Tuareg,,16,0,1920,NA,Missing data,,
Cc14,Daza,,17,18,1880,2,50-99,,bouille1937; carbou1912; chapelle1957b; cline1950; lebeuf1959; lecoeur1956; nachtigal1881:115-150
Cc15,Drawa,,31,-7,1920,NA,Missing data,,
Cc16,Chaambra,,32,3,1930,2,50-99,,briggs1958; darmagnac1934
Cc17,Delim,,22,-15,1930,NA,Missing data,,
Cc18,Kunta,,19,-1,1910,NA,Missing data,,
Cc19,Trarza,,18,-15,1950,NA,Missing data,,
Cc2,Teda,,21,17,1950,2,50-99,,briggs1958; chapelle1957a; cline1950; fuchs1956; lecoeur1950; nachtigal1879
Cc20,Zenaga,,18,-8,1910,NA,Missing data,,
Cc3,Siwans,,29,26,1920,6,1000-5000,,abdallah1917; belgrave1923; cline1936
Cc4,Mzab,,33,4,1920,7,5000-50000,,goichon1927; mercier1922
Cc5,Kel Antessar,,18,-3,1910,NA,Missing data,,
Cc6,Kababish,,17,31,1910,NA,Missing data,,
Cc7,Barabish,,20,-5,1950,NA,Missing data,,
Cc8,Aulliminden,,8,2,1890,NA,Missing data,,
Cc9,Tuareg Ahaggar,,23,6,1920,2,50-99,,benhazera1908; briggs1958; lhote1955and1944; nicolaisen1959; nicolaisen1963
Cd1,Barabra,,23,33,1920,2,50-99,,callenderandelguindi1971; fernea1966; herzog1957; kennedy1977; schafer1935
Cd10,Zekara,,34,-2,1900,NA,Missing data,,
Cd11,Guanche,,27.99,-15.62,1500,NA,Missing data,,
Cd12,Algerians,,31,2,1870,8,50000+,,bel1908; bernard1929; villot1875; vollenhoven1903
Cd13,Hamama,,30,9,1930,NA,Missing data,,
Cd14,Hamyan,,35,2,1870,NA,Missing data,,
Cd15,Jebala,,35,-5,1910,7,5000-50000,,michauxbellaire1911; rackow1958
Cd16,Moroccans,,33,-8,1930,8,50000+,,michauxbellaire1932
Cd17,Nail,,35,5,1920,NA,Missing data,,
Cd18,Saadi,,30,28,1920,NA,Missing data,,
Cd19,Sahel,,35,10.94,1920,7,5000-50000,,despois1940; ubachandrackow1923
Cd2,Egyptians,,25,33,1950,8,50000+,,ammar1954; ayrout1945; blackman1927; harris1957
Cd20,Sanusi,,31,22,1940,NA,Missing data,,
Cd21,Tunisians,,37,10,1930,8,50000+,,bonniard1934; despois1930
Cd3,Riffians,,35,-4,1920,7,5000-50000,,coon1931; hart1954; hart1976; moulieras1895
Cd4,Kabyle,,36,4,1890,5,400-1000,,bourdieu1966; hanoteauandletourneaux1893; maunier1930
Cd5,Shluh,,30,-9,1920,NA,Missing data,,
Cd6,Ancient Egyptians,,30,31,-1400,8,50000+,,budge1926; erman1923; kees1923; montet1946
Cd7,Beraber,,33,-7,1910,NA,Missing data,,
Cd8,Shawiya,,36,7,1910,NA,Missing data,,
Cd9,Tekna,,28,-11,1900,NA,Missing data,,
Ce1,Gheg,,42,20,1900,4,200-399,,coon1950; durham1909; durham1928; hasluck1954; lane1923; pisko1896
Ce2,Portuguese,,42,-7,1950,NA,Missing data,,
Ce3,Ancient Romans,,42,12,100,8,50000+,,abbott1917; balsdon1963; balsdon1969; carcopino1940; davis1959; friedlander1908; glover1927; grant1960; harrison1913; maxey1938; paoli1963; pellisson1901; pliny1969; rostovtzeff1945
Ce4,French Basques,,43,-1,1930,NA,Missing data,,
Ce5,Neapolitans,,40.89,14.25,1960,8,50000+,,parsons1964
Ce6,Spaniards,,37,-6,1950,8,50000+,,pittrivers1954
Ce7,Greeks,,39,23,1950,8,50000+,,firedl1962
Ce8,Spanish Basques,,43,-2,1934,8,50000+,,carobaroja1944; douglass1967
Cf1,New Englanders,,42,-73,1920,8,50000+,,murdocknd
Cf2,Boers,,-16,28,1850,NA,Missing data,,
Cf3,Tristan da Cunha,,-37.11,-12.27,1930,3,100-199,,munch1945
Cf4,Brazilians,,-23.68,-46.64,1940,8,50000+,,pierson1951
Cf5,French Canadians,,47,-72,1930,8,50000+,,miner1939
Cg1,Dutch,,53,7,1950,8,50000+,,coon1939; keurandkeur1955
Cg2,Icelanders,,64,-20,1100,NA,Missing data,,
Cg3,Irish,,53,-9,1930,8,50000+,,arensbergandkimball1940; cresswell1969; evans1957; kane1970; kane1972; odonoghue1958
Cg4,Sami,,68,22,1950,1,<50,,bernatzik1938; collinder1949; haglund1935; karsten1955; manker1953; minn1955; pehrson1951; pehrson1954; pehrson1957; whitaker1955
Cg5,Walloons,,50,5,1950,8,50000+,,turneyhigh1953
Ch1,Serbs,,44,20,1950,8,50000+,,coon1949; halpern1956; halpern1957
Ch10,Romanians,,45,26,1910,NA,Missing data,,
Ch11,Russians,,53,41,1955,8,50000+,,altandalt1959; benet1970; black1960; dunn1971a; dunn1971b; dunnanddunn1963; dunnanddunn1967; fainsod1958; fitzsimmons1957; maceandmace1963; schapiro1960
Ch2,Hutsuls,,49,24,1890,7,5000-50000,,kaindl1894; koenig1935; szuchiewicz190208
Ch3,Czechs,,50,16,1940,8,50000+,,hajda1955; pospisilnd
Ch4,Mari,,43,46,1900,5,400-1000,,heffner1955; wichmann1913
Ch5,Bulgarians,,43,24,1940,8,50000+,,sanders1949; vatez1904
Ch6,Byelorussians,,55,28,1910,7,5000-50000,,ember1954
Ch7,Ukrainians,,48,36,1930,8,50000+,,friedrich1954
Ch8,Magyar,,47,20,1940,8,50000+,,hanzeli1955
Ch9,Lithuanians,,55,24,1930,8,50000+,,maciuika1955
Ci1,Kalmyk,,46,46,1920,NA,Missing data,,
Ci10,Armenians,,40,45,1900,8,50000+,,haxthausen1854; karst190707; klidschian1911; kohler1906
Ci11,Kurd,,32,44,1940,NA,Missing data,,
Ci12,Abkhaz,,43,41,1880,4,200-399,,byhan1926; dzhanashvili1894; lotz1956; luzbetak1951
Ci2,Khevsur,,43,45,1930,NA,Missing data,,
Ci3,Kumyk,,42,48,1900,NA,Missing data,,
Ci4,Cherkess,,44,42,1920,NA,Missing data,,
Ci5,Turks,,38,30,1950,8,50000+,,hanson1955; lerner1958; makal1954; pierce1964; stirling1953; stirling1963; stirling1965; yasa1957
Ci6,Ossetians,,43,44,1880,NA,Missing data,,
Ci7,Chechen,,43,46,1900,NA,Missing data,,
Ci8,Georgians,,42,45,1850,8,50000+,,abasadse1894; allen1932; haxthausen1854
Ci9,Svan,,43,43,1910,NA,Missing data,,
Cj1,Syrians,,36,36,1950,8,50000+,,sweet1960
Cj10,Madan,,31,47,1950,7,5000-50000,,salim1962; thesiger1964
Cj2,Rwala,,33,37,1920,NA,Missing data,,
Cj3,Hebrews,,32,35,-800,7,5000-50000,,balyn1957; bright1959; dalman1932; devaux1961; forbes1964; holybiblend; noth1966; patai1961
Cj4,Babylonians,,32,45,-2000,8,50000+,,contenau1954; delaporte1925; driverandmiles195255; gadd1965; saggs1962; saggs1965; thompson1923
Cj5,Mutair,,28,47,1930,NA,Missing data,,
Cj6,Jordanians,,32,36,1950,8,50000+,,granqvist193135; harris1958
Cj7,Lebanese,,34,36,1950,8,50000+,,davies1949; gulick1953; gulick1955; gulick1956; patai1956; prothro1961; tannous1949; touma1958
Cj8,Druze,,32.77,35.03,1930,5,400-1000,,kasdan1961; kasdan1965
Cj9,Yemeni,,15,45,1950,NA,Missing data,,
Ea1,Sindhi,,25,68,1950,8,50000+,,bordiend; wilber1964
Ea10,Marri,,30,69,1950,1,<50,,pehrson1966
Ea11,Ghilzai,,33,68,1950,NA,Missing data,,
Ea12,Qashqui,,30,52,1940,5,400-1000,,garrod1946a; garrod1946b
Ea13,Punjabi,,32,73,1950,8,50000+,,callardandwheeler1963; dass1954; eglar1957; eglar1960; honigmann1957; honigmann1958; kennedy1957; palmer1961; symonds1950; wilbur1964
Ea2,Yusufzai,,35,72,1950,5,400-1000,,barth1956a; barth1959; honigmann1953
Ea3,Hazara,,35,66,1930,3,100-199,,bacon1958; hudsonandbeacon1941; schurmann1962; wilber1956
Ea4,Kohistani,,35,73,1950,NA,Missing data,,
Ea5,Nuristani,,36,71,1890,5,400-1000,,robertson1896; wilber1956
Ea6,Basseri,,30,34,1958,5,400-1000,,barth1961; barth1964
Ea7,Moghol,,34,63,1950,3,100-199,,schurmann1962
Ea8,Bakhtiari,,33,48,1920,NA,Missing data,,
Ea9,Iranians,,36,52,1950,8,50000+,,vreeland1957
Eb1,Kazakh,,48,70,1910,2,50-99,,castagn1930; grodekov1889; hudson1938; murdock1934b:135-162; radloff1893; sedelnikov1903
Eb2,Tu,,39,100,1920,NA,Missing data,,
Eb3,Khalka,,46,97,1940,1,<50,,ballis1956; friters1949; maiskii1921; rupen1956; vreeland1954
Eb4,Dagur,,49,125,1940,NA,Missing data,,
Eb5,Turkmen,,38,62,1910,NA,Missing data,,
Eb6,Buryat,,52,107,1900,NA,Missing data,,
Eb7,Chahar,,41,115,1930,3,100-199,,krader1954b; vreeland1954
Eb8,Uzbek,,43,60,1800,NA,Missing data,,
Ec1,Nivkh,,53,142,1920,2,50-99,,chard1961; hawes1903; ivanovetal1964; schrenck1881; seeland1882; shternberg1933a
Ec10,Ob Ostyak,,62,74,1880,NA,Missing data,,
Ec11,Selkup,,59,90,1900,NA,Missing data,,
Ec2,Yakut,,65,125,1900,2,50-99,,chodzidlo1951; gayton1948b; jochelson1933; priklonskii1953; sumner1901
Ec3,Chukchi,,66,177,1900,1,<50,,bogoras1901a; bogoras1901b; krenova1936; orlovshii1928; sverdrup1938
Ec4,Yurak-Samoyeds,,68,75,1900,1,<50,,castren1853; donner1954; englehardt1899; hajdu1963; islavin1847; jackson1895a; jackson1895b; kopytoff1955; rae1875
Ec5,Koryak,,61.99,164.24,1900,3,100-199,,bergman1927; czaplieka1914; jochelson190508
Ec6,Yukaghir,,70,145,1850,1,<50,,jochelson191926
Ec7,Ainu,,44,144,1900,1,<50,,batchelor1895; batchelor1927; cornell1964; hilger1971; munro1962; murdock1934j; sugiuraandbefu1962; sutherland1948; watanabe1964b
Ec8,Ket,,62,90,1900,2,50-99,,shimkin1939
Ec9,Nanai,,47,132,1920,NA,Missing data,,
Ed1,Koreans,,38.134147,126.960754,1950,8,50000+,,dallet1874; hewesandkim1952; heydrich1931; kang1931; osgood1951; rutt1964
Ed10,Shantung,,37,118,1930,8,50000+,,yang1945
Ed13,Ishigakians,,24.46,124.14,1940,NA,Missing data,,
Ed14,Man,,22,105,NA,NA,Missing data,,
Ed15a,Miyakans,,24.79,125.32,1950,NA,Missing data,,
Ed15b,Chekiang,,31,120,1936,8,50000+,,chien1967; fei1946; fried1953; lang1946; linebargeretal1956; smith1970
Ed16,Cantonese,,23,113,1940,NA,Missing data,,
Ed2,Lolo,,29,103,1940,3,100-199,,dollone1912; lebaretal1964:19-27; lin1961; litard1913; pollard1921; tseng1945
Ed3,Manchu,,45,126,1920,NA,Missing data,,
Ed4,Miao,,26,107,1940,3,100-199,,mark1967; ruey1960
Ed5,Japanese,,35,136,1950,8,50000+,,beardsleyetal1959; brownnd; buckandmasland1950:591-710; devos1965; devosandwagatsuma1967; norbeck1954; smithandcornell1956
Ed6,Min Chinese,,24,115,1920,8,50000+,,kulp1925
Ed7,Okinawans,,26.16,127.8,1950,8,50000+,,glacken1955; maetzkiandmaetzki1963; maretzki1957; pittsetal1955
Ed8,Minchia,,26,100,1930,5,400-1000,,fitzgerald1941
Ed9,Li,,19,109,1930,3,100-199,,lebaretal1964; odaka1950; strubel1937
Ee1,Adi,,28,95,1940,3,100-199,,duffsutherlanddunbar1915; roy1960
Ee2,Burusho,,37,75,1930,4,200-399,,clark1963; lorimer1935; lorimer1938; lorimer1939; rodale1948; tobe1960
Ee3,Lepcha,,28,89,1930,3,100-199,,dasandbanerjee1962; gorer1938; morris1938
Ee4,Central Tibetans,,30,91,1920,7,5000-50000,,bell1924; bell1928; benedict1942; cammann1951; carrasco1959; das1902; ekvall1961; ekvall1964; kawaguchi1909; ma1947; macdonald1929; psybikov1919; rockhill1895; shenandliu1953; waddell1939
Ee5,Shina,,35,73,1870,5,400-1000,,biddulph1880; leitner1873
Ee6,Sherpa,,28,87,1950,4,200-399,,furerhaimendorf1964
Ee7,Kachari,,27,90,1840,NA,Missing data,,
Ee8,Magar,,28,84,1950,NA,Missing data,,
Ef1,Santal,,24,87,1940,NA,Missing data,,
Ef10,Bihari,,25,86,1880,NA,Missing data,,
Ef11,Uttar Pradesh,,26,83,1945,8,50000+,,cohn1958; cohnnd; dube1956; luschinsky1963; luschinsky1971; opler1956; oplerandsingh1952; oplerandsingh1954; pandey1972; rowe1960
Ef2,Bengali,,23,88,1940,8,50000+,,karve1953; mukherjee1949; nicholas1962; nicholas1964; sarma1951
Ef3,Indo-Iranian,,30,75,-800,NA,Missing data,,
Ef4,Ho,,22,85,1920,NA,Missing data,,
Ef5,Bhil,,22,74,1900,2,50-99,,boseandray1953; hendley1875; koppers1948; naik1956
Ef6,Kurukh,,23,85,1940,NA,Missing data,,
Ef7,Pahari,,30,78,1950,8,50000+,,berreman1962a; berreman1962b; berreman1963
Ef8,Kashmiri,,34,75,1950,8,50000+,,crane1955; lawrence1895; madan1965
Ef9,Gujarati,,20,77,1136,8,50000+,,karve194243; mukhtyar1930
Eg1,Chenchu,,16,79,1940,1,<50,,furerhaimendorf1943b
Eg10,Telugu,,18,79,1950,8,50000+,,dube1955; guha1931; karve1953
Eg11,Koya,,19,78,1960,NA,Missing data,,
Eg12,Khond,,18,82,1940,NA,Missing data,,
Eg13,Muria Gond,,20,81,1941,NA,Missing data,,
Eg14,Reddi,,18,82,1940,2,50-99,,furerhaimendorf1945
Eg2,Tamil,,11,79,1880,8,50000+,,goughaberle1955; goughaberlend
Eg3,Madia,,19,81,1938,2,50-99,,grigson1938
Eg4,Toda,,12,77,1900,1,<50,,emeneau1941; fox1963; marshall1873; murdock1934b:107-154; peter1955; rivers1906
Eg5,Kodavas,,12,76,1930,3,100-199,,emeneau1939; srinivas1952
Eg6,Kerala,,11,76,1799,8,50000+,,gough1961; schneiderandgough1961:385-442
Eg7,Hill Bhuiya,,21,85,1930,2,50-99,,roy1935
Eg8,Kol,,22,85,1940,NA,Missing data,,
Eg9,Baiga,,22,81,1930,2,50-99,,elwin1939
Eh1,Andamanese,,12,93,1870,1,<50,,man1882; radcliffebrown1922
Eh10,Betsileo,,-22,47,NA,NA,Missing data,,
Eh2,Merina,,-19,46,1900,7,5000-50000,,grandidierandgrandidier190828; sibree1880
Eh3,Tanala,,-22,47,1930,3,100-199,,kardiner1939; linton1933; linton1939b; murdock1959
Eh4,Vedda,,8,81,1900,1,<50,,bailey1863; ryanetal194950; seligmannandseligmann1911; spittel1945
Eh5,Nicobarese,,9.17,92.77,1890,1,<50,,man1888; man1932; svoboda189293; whitehead1924
Eh6,Sinhalese,,7,80,1950,8,50000+,,ariyapala1956; codrington1926; doyly1929; hayley1923; leach1959; leach1960; leach1963; murphey1957; pieris1956; ryan1953a; ryan1953b; ryan1958; singer1964; tambiah1958; yalman1960; yalman1962
Eh7,Antandroy,,-25,46,1900,NA,Missing data,,
Eh8,Sakalava,,-21,43.93,1900,4,200-399,,faublee1946; kurze188689; mcleod1964
Eh9,Antaisaka,,-22.9,47.75,1930,NA,Missing data,,
Ei1,Garo,,26,91,1900,3,100-199,,burling1963; playfair1909
Ei10,Chakma,,23,92,1870,NA,Missing data,,
Ei11,Aimol,,25,94,1910,2,50-99,,bose1936; needham1960; shakespear1912
Ei12,Thado,,25,94,1910,NA,Missing data,,
Ei13,Angami,,26,94,1910,6,1000-5000,,hutton1921a
Ei14,Ao,,27,94,1920,5,400-1000,,mills1926; smith1925b
Ei15,Rengma,,26,94,1930,NA,Missing data,,
Ei16,Sema,,26,95,1910,4,200-399,,hutton1921b
Ei17,Karbi,,26,94,1900,NA,Missing data,,
Ei18,Palaung,,23,97,1920,2,50-99,,lowis1906; milne1924
Ei19,Chin,,22,94,1940,NA,Missing data,,
Ei2,Lhota,,27,94,1920,NA,Missing data,,
Ei20,Kuki,,23,92,1940,NA,Missing data,,
Ei3,Burmese,,20,95,1950,8,50000+,,brohm1963; lebaretal1964:38-44; nash1963; nash1965; scott1882; somitandwelsh1956; trager1956
Ei4,Maras,,22,93,1930,NA,Missing data,,
Ei5,Kachin,,26,97,1940,3,100-199,,leach1945; leach1954; leach1967
Ei6,Purum,,25,94,1930,2,50-99,,das1945; needham1958
Ei7,Karen,,17.12,97.19,1910,NA,Missing data,,
Ei8,Khasi,,26,92,1900,2,50-99,,becker1909; chattopadhyay1941; guha1931; gurden1904; gurdon1907; mccormack1964; mccormack1967
Ei9,Mogh,,20.49,92.64,1880,NA,Missing data,,
Ej1,Lamet,,20,101,1940,2,50-99,,izikowitz1951
Ej10,Rade,,13,108,1950,NA,Missing data,,
Ej11,Cham,,11,108,1950,5,400-1000,,lafont1964
Ej12,Lawa,,18,98,1960,4,200-399,,kunstadter1965; kunstadter1966; lebaretal1964
Ej13,Muong,,21,105,1940,NA,Missing data,,
Ej14,Senoi,,4,102,1960,2,50-99,,dentan1967
Ej15,Ancient Khmer,,13,104,1292,8,50000+,,briggs1951; groslier1956; pelliot1951
Ej16,Negri Sembilan,,2.58,102.25,1958,7,5000-50000,,gulick1958; lewis1962a; parmer1959; swift1965; wilkinson1911
Ej2,Mnong Gar,,12,107,1940,3,100-199,,condominas1957; condominas1960
Ej3,Semang,,5,101,1920,1,<50,,evans1937; lebaretal1964:181-186; murdock1934b:85-106; schebesta1927; schebesta1954
Ej4,Annamese,,17,107,1950,8,50000+,,cadire1953; coughlin1950; coughlin1965; donoghue1964; gourou1936; gourou1954; gourou1955; hickey1964; langrand1945; lintonnd; vankhoan1930
Ej5,Khmer,,12,105,1950,8,50000+,,aymonier190004; briggs1951; chou1902; coedes1968; delbert1961; ebihara1964; groslier1956; poreandmaspero1938; poreemaspero1958; steinberg1957
Ej6,Moken,,11.78,98.28,1920,NA,Missing data,,
Ej7,Akha,,21,100,1950,4,200-399,,bernatzik1947
Ej8,Malays,,5,103,1940,NA,Missing data,,
Ej9,Thai,,15,100,1940,6,1000-5000,,anumanrajadhon1961; benedict1943; bush1964; hanks1963; hanksandhanks1961; hauck1958; insor1963; janlekha1955; phillips1965; sharpandhanks1978; sharpetal1954
Ia1,Atayal,,24,121,1930,3,100-199,,ferrell1969; mabuchi1960; okada1949; ruey1955; rueynd
Ia10,Bunun,,24,121,1930,NA,Missing data,,
Ia11,Puyuma,,23,121,1930,5,400-1000,,mabuchi1960
Ia12,Sugbuanon,,10.2,123.65,1950,8,50000+,,hart1965; hartnd; quijano1937; svelmoe1954
Ia13,Badjau Tawi-Tawi,,5.09,119.97,1960,4,200-399,,nimmo1964; nimmo1965; nimmo1968; nimmo1969; nimmo1970
Ia14,Tao,,22.05,121.55,1930,4,200-399,,kaneandsegawa1956; mabuchi1960; weiandliu1962
Ia15,Manobo,,8,126,1920,NA,Missing data,,
Ia16,Kalinga,,18,121,1910,5,400-1000,,barton1949; dozier1966a; dozier1967
Ia17,Bilaan,,6,125,1910,NA,Missing data,,
Ia18,Bisayan,,10,123,1950,NA,Missing data,,
Ia2,Sagada,,17,121,1950,6,1000-5000,,bacdayan1962; eggan1960
Ia3,Ifugao,,17,121,1920,3,100-199,,barton1919; barton1922; barton1930; barton1938; barton1946
Ia4,Subanun,,8,123,1950,1,<50,,christie1909; frake1955; frake1960
Ia5,Hanunoo,,13,121,1950,3,100-199,,conklin1954; conklin1955; conklin1957
Ia6,Paiwan,,22.44,120.77,1930,4,200-399,,mabuchi1960; okada1960; shih1964
Ia7,Tagbanua,,10,119,1950,NA,Missing data,,
Ia8,Bontok,,17,121,1900,5,400-1000,,jenks1905; keesing1949
Ia9,Ami,,22.7,121.05,1930,5,400-1000,,mabuchi1960; wei1961
Ib1,Iban,,2,112,1950,NA,Missing data,,
Ib2,Javanese,,-7,110,1950,7,5000-50000,,dewey1962; geertz1960; geertz1961; geertz1963; geertz1965; grant1964; jay1963; jay1969; kahin1963; koentjaraningrat1960; koentjaraningrat1961; koentjaraningrat1967
Ib3,Balinese,,-8.18,115.02,1950,4,200-399,,belo1936; belo1970; covarrubias1937; frankenetal1960; geertz1959a; geertz1959b; geertz1963; geertz1967; geertzandgeertz1959; grant1964; kahin1963; meadandmacgregor1951
Ib4,Toba Batak,,2,99,1930,NA,Missing data,,
Ib5,Kadazan-Dusun,,6,117,1920,4,200-399,,evans1922; rutter1929; williams1965; williamsnd
Ib6,Minangkabau,,-1,101,1920,NA,Missing data,,
Ib7,Mentaweians,,-2.93,100.23,1920,NA,Missing data,,
Ib8,Anak Dalam,,-3,103,1900,NA,Missing data,,
Ib9,Punan,,3,115,1950,NA,Missing data,,
Ic1,Macassarese,,-5.31,119.69,1940,3,100-199,,chabot1950
Ic10,Tobelorese,,1,128,1910,NA,Missing data,,
Ic11,Ambonese,,-3.71,128.18,1950,6,1000-5000,,cooley1962a; cooley1962b
Ic12,Sumbawanese,,-8.63,117.27,1951,5,400-1000,,goethals1967
Ic13,Kodi,,-9.66,119.07,1950,NA,Missing data,,
Ic2,Alorese,,-8.22,124.26,1940,3,100-199,,dubois1940; dubois1941; dubois1944; dubois1945
Ic3,Belu,,-9,126,1950,NA,Missing data,,
Ic4,Rotinese,,-10.71,123.18,1920,NA,Missing data,,
Ic5,Toradja,,-2,121,1910,NA,Missing data,,
Ic6,Tanimbarese,,-8.19,130.96,1930,NA,Missing data,,
Ic7,Ili-Mandiri,,-8.33,122.85,1920,5,400-1000,,vatter1932
Ic8,Kei,,-5.58,133.07,1890,NA,Missing data,,
Ic9,Sumbanese,,-10,120,1930,NA,Missing data,,
Id1,Northern Aranda,,-24,134,1900,1,<50,,murdock1934b:20-47; spencerandgillen1927; strehlow190711
Id10,Walbiri,,-22,132,1930,3,100-199,,meggitt1962a
Id11,Gidjingali,,-12.29,134.32,1950,2,50-99,,hiatt1965
Id12,Yir Yoront,,-15,142,1930,NA,Missing data,,
Id13,Anindilyagwa,,-13.99,136.6,1930,1,<50,,rose1960
Id2,"Yolngu, Dhuwal",,-12.48,135.96,1930,1,<50,,berndt1955; elkin1950; warner1937
Id3,Tiwi,,-11.56,130.81,1920,3,100-199,,basedow1913; goodale1959; goodale1960; goodale1962; goodale1971; hartandpilling1960; mountford1958; pilling1957
Id4,Diyari,,-28,138,1900,1,<50,,berndt1953; elkin1940a; gason1874; howitt1891; howitt1904
Id5,Kariyarra,,-21,118,1910,1,<50,,radcliffebrown1913; radcliffebrown1930; romneyandepling1958
Id6,Wikmunkan,,-14,142,1920,1,<50,,mcconnel1930; mcconnel1934; mcconnel1940; needham1962; thomson1935; thomson1936
Id7,Murriny Patha,,-14,130,1940,1,<50,,falkenberg1962
Id8,Tasmanians (northwestern),,-42,146,1830,1,<50,,roth1890
Id9,Ngiyambaa,,-32,146,1910,NA,Missing data,,
Ie1,Mee,,-4,136,1950,2,50-99,,pospisil1958; pospisil1960; pospisil1963a; pospisil1963b
Ie10,Motu,,-9,147,1950,5,400-1000,,belshaw1957; groves1963; groves1964
Ie11,Kakoli,,-6,144,1950,4,200-399,,bowers1964
Ie12,Kwoma,,-4,142,1930,NA,Missing data,,
Ie13,Kiwai,,-9,143,1920,NA,Missing data,,
Ie14,Miriam,,-9.91,144.06,1900,NA,Missing data,,
Ie15,Abelam,,-3.79,143.09,1930,NA,Missing data,,
Ie16,Kutubu,,-6,143,1940,NA,Missing data,,
Ie17,Siane,,-6,145,1940,4,200-399,,salisbury1956; salisbury1962
Ie18,Kimam,,-7.52,138.46,1940,4,200-399,,serpenti1965
Ie19,Marind-Amin,,-8,139,1910,4,200-399,,vanbaal1966
Ie2,Wantoat,,-6.15,146.53,1920,2,50-99,,schmitz1960
Ie20,Koita,,-9,147,1900,NA,Missing data,,
Ie21,Mailu,,-10,149,1900,NA,Missing data,,
Ie22,Mekeo,,-9,147,1900,4,200-399,,belshaw1951; seligmann1910; williamson1913
Ie23,Muju,,-6,141,1950,1,<50,,schoorl1957
Ie24,Koiari,,-9,148,1870,NA,Missing data,,
Ie25,Mafulu,,-8,147,1920,NA,Missing data,,
Ie26,Ngarawapum,,-6,146,1940,3,100-199,,read1946; read1950
Ie27,Banaro,,-4.56,144.34,1910,NA,Missing data,,
Ie28,Busama,,-6.69,147.26,1940,NA,Missing data,,
Ie29,Manam,,-4.08,145.03,1930,NA,Missing data,,
Ie3,Arapesh,,-4,144,1930,NA,Missing data,,
Ie30,Mimika,,-4,135,1950,3,100-199,,pouwer1955
Ie31,Fore,,-6,145,1950,3,100-199,,berndt1962
Ie32,Sio,,-6,147,1964,5,400-1000,,groves1934; harding1967
Ie33,Soromadja,,-2,138,1950,2,50-99,,oosterwal1967
Ie34,Bgu,,-2.34,139.6,1960,NA,Missing data,,
Ie35,Iatmul,,-4,143,1930,4,200-399,,bateson1932; bateson1936
Ie36,Samarokena,,-3,140,1950,NA,Missing data,,
Ie37,Star Mountain,,-5,141,1960,NA,Missing data,,
Ie38,Dani,,-4,139,1960,4,200-399,,heider1965; heider1967
Ie39,Elema,,-7.82,145.31,1920,NA,Missing data,,
Ie4,Wogeo,,-3.24,144.1,1930,2,50-99,,hogbin1935; hogbin193839; hogbin1943; hogbin1945; hogbin1946a; hogbin1946c
Ie5,Keraki,,-9,142,1930,2,50-99,,williams1936
Ie6,Waropen,,-2.14,137.23,1930,NA,Missing data,,
Ie7,Enga,,-6,144,1950,4,200-399,,elkin1953; goodenough1953; meggitt1956; meggitt1958; meggitt1962b; meggitt1965a; meggitt1965b; meggitt1967
Ie8,Purari,,-7,145,1910,5,400-1000,,holmes1924; maher1961; maher1967; williams1924
Ie9,Orokaiva,,-9,148,1920,2,50-99,,reay1953; waddellandkrinks1968; williams1928; williams1930
If1,Palauans,,7.45,134.54,1940,NA,Missing data,,
If10,Nomoians,,6.89,152.74,1940,NA,Missing data,,
If11,Kosraeans,,5.31,162.98,1860,NA,Missing data,,
If12,Bikinians,,11.7,165.29,1940,3,100-199,,mason1954
If13,Nauruans,,-0.53,166.92,1900,4,200-399,,hambruch191415; stephen1936; wedgwood1936
If14,Makin,,3.38,172.99,1890,4,200-399,,finsch1893; grimble1921; kramer1906:253-315; lambert1963; lambert1964; lambert1968; lambert1970a; lambert1970b
If15,Carolinians,,15.21,145.76,1930,NA,Missing data,,
If16,Lamotrek,,7.46,146.38,1960,4,200-399,,alkire1965
If17,Marshallese - Jaluit atoll,,6.28,169.49,1900,3,100-199,,erdland1914; spoehr1949
If2,Trukese,,7.34,151.6,1940,3,100-199,,bollig1927; fischer1950; gladwinandsarason1953; goodenough1949; goodenough1969; lebar1964; murdocketal1944a
If3,Majuro,,7.09,171.13,1940,3,100-199,,spoehr1949
If4,Ifaluk,,7.25,144.46,1940,2,50-99,,burrows1949; burrowsandspiro1953; damm1938; spiro1949
If5,Ponapeans,,6.88,158.22,1910,1,<50,,bascom1965; hambruch193236; riesenberg1949
If6,Yapese,,9.55,138.13,1910,2,50-99,,huntetal1949; muller1917; murdocketal1944b; salesius1906; schneider1953; schneider1957c; schneider1962; schneidernd; senfft1903; tetens1958; tetensandkubary1873
If7,Gilbert Onotoa,,-1.47,175.06,1940,4,200-399,,goodenough1951b; goodenough1955; knudson1965; lundsgaarde1966
If8,Chamorro,,15.13,145.71,1950,5,400-1000,,josephandmurray1951; spoehr1954
If9,Ulithians,,10.02,139.79,1900,2,50-99,,lessa1950; william1966
Ig1,Siuai,,-6,155,1940,NA,Missing data,,
Ig10,Usiai,,-2,147,1950,2,50-99,,schwartz1964
Ig11,Rossel Islanders,,-11.36,154.14,1920,1,<50,,armstrong1928
Ig12,Choiseulese,,-6.69,156.52,1900,NA,Missing data,,
Ig13,Aua,,-1.74,142.85,1900,NA,Missing data,,
Ig14,Dahuni,,-10.41,149.91,1900,4,200-399,,belshaw1955; seligman1910
Ig15,Bakovi,,-5.42,150.05,1950,NA,Missing data,,
Ig16,Bwaidoga,,-9.44,150.33,1950,NA,Missing data,,
Ig17,Kombe,,-4.67,149.53,1950,NA,Missing data,,
Ig18,Kwaio,,-9,161,1960,NA,Missing data,,
Ig19,Molima,,-10,151,1950,NA,Missing data,,
Ig2,Trobriands,,-8.43,151.09,1910,3,100-199,,fathauer1954a; malinowski1921; malinowski1922; malinowski1926; malinowski1927; malinowski1929; malinowski1935; powell1960; silas1926; uburoi1962
Ig20,Kaoka,,-9.49,159.82,1920,3,100-199,,hogbin1965
Ig21,Tangu,,-3.38,153.31,1930,NA,Missing data,,
Ig3,Kurtatchi,,-5.6,154.91,1930,3,100-199,,blackwood1935
Ig4,Lesu,,-3.06,151.66,1930,4,200-399,,powdermaker1931a; powdermaker1931b; powdermaker1932; powdermaker1933
Ig5,Dobuans,,-10,151,1920,NA,Missing data,,
Ig6,Ulawans,,-9.63,161.44,1900,3,100-199,,ivens1927
Ig7,Lakalai,,-5.5,150.81,1950,3,100-199,,chowning1957; goodenough1962
Ig8,Simboese,,-8,157,1910,NA,Missing data,,
Ig9,Manus,,-2,147,1920,3,100-199,,fortune1935; mead1930a; mead1930b; mead1932a; mead1934; mead1937b; mead1969
Ih1,Mota,,-13.84,167.7,1890,NA,Missing data,,
Ih10,Tannese,,-19.6,169.44,1920,NA,Missing data,,
Ih11,Epi,,-16.61,168.17,1920,NA,Missing data,,
Ih12,Eromangans,,-18.85,169.16,1920,NA,Missing data,,
Ih13,Ranon,,-16.18,168.15,1920,NA,Missing data,,
Ih14,Mbau Fijians,,-17.81,178.32,1840,6,1000-5000,,deane1921; ross1953; spencer1941; thomson1908; tippett1968; toganivalu1917; tonganivalu1911; waterhouse1866; williams1884
Ih2,Seniang,,-16.51,167.47,1930,NA,Missing data,,
Ih3,Bunlap,,-15.95,168.22,1950,2,50-99,"50-99 (code ""2"") or 100-199 (code ""3"") before recent depopulation",lane1956; lane1965; laneandlane1957
Ih4,Lau,,-17.74,-179.31,1920,2,50-99,,geddes1946; hocart1929; quain1948; thompson1940a; thompson1940b
Ih5,Ajie,,-21.37,165.47,1860,NA,Missing data,,
Ih6,Rotumans,,-12.5,177.07,1890,NA,Missing data,,
Ih7,Lifu,,-20.94,167.23,1910,NA,Missing data,,
Ih8,Vanua Levu,,-17.81,178.32,1940,2,50-99,,quain1949
Ih9,Santa Cruz Islanders,,-10.73,165.85,1930,NA,Missing data,,
Ii1,American Samoans,,-13.68,-172.41,1920,2,50-99,,buck1930; cook1942; ember1959; freeman1965; grattan1948; kramer190102; kramer1906:253-315; mead1928; mead1930c; mead1937c; mead1950b; murdock1934l; stair1897; turner1884
Ii10,Rennell Islanders,,-11.74,160.42,1950,NA,Missing data,,
Ii12,Tongans,,-19.74,-175.07,1920,NA,Missing data,,
Ii13,Uveans,,-13.28,-176.17,1830,NA,Missing data,,
Ii14,Upolu Samoans,,-13.94,-171.77,1829,4,200-399,,buck1930; bulow1971; davidson1948; ember1962; grattan1948; keesing1934; kramer190102; kramer1906:253-315; panoff1964; stair1897; turner1884
Ii2,Tikopia,,-12.29,168.83,1930,5,400-1000,,firth1936; firth1939; firth1940; firth1952; firth1956; firth1960
Ii3,Pukapukans,,-10.89,-165.84,1930,3,100-199,,beagleholeandbeaglehole1938; macgregor1935
Ii4,Ellice,,-7.48,178.68,1890,NA,Missing data,,
Ii5,Ontong Java,,-5.48,159.7,1920,NA,Missing data,,
Ii6,Tokelau,,-9.2,-171.85,1900,NA,Missing data,,
Ii7,Kapingamarangi,,1.09,154.8,1910,NA,Missing data,,
Ii8,Futunans,,-14.31,-178.11,1840,NA,Missing data,,
Ii9,Niueans,,-19.05,-169.86,1840,4,200-399,,loeb1926a
Ij1,Mangaians,,-21.93,-157.91,1820,NA,Missing data,,
Ij10,Tongarevans,,-9.02,-158.03,1900,NA,Missing data,,
Ij2,Māori,,-38.41,176.31,1820,4,200-399,,best1924; best1925; best1952; buck1949; cruise1824; earle1832; firth1959; gudgeon1885; hawthorn1944; maning1876; polack1838; reed1963; shortland1856; wright1959
Ij3,Marquesans,,-8.9,-140.08,1900,2,50-99,,forster1777; handy1922; handy1923; labarre1934; linton1923; linton1939a; lisiansky1814; miranda1964; porter1823; sheahan1952; suggs1966; suggs1971; sullivan1923; tautain1896; tautain1897
Ij4,Manihikians,,-10.41,-160.98,1850,NA,Missing data,,
Ij5,Raroians,,-15.94,-142.31,1900,NA,Missing data,,
Ij6,Hawaiians,,19.89,-155.83,1800,NA,Missing data,,
Ij7,Mangarevans,,-23.12,-134.97,1900,NA,Missing data,,
Ij8,Tahitians,,-17.71,-149.54,1900,NA,Missing data,,
Ij9,Easter Islanders,,-27.12,-109.36,1860,NA,Missing data,,
Na1,Nabesna,,63,-141,1930,1,<50,,mckennan1959
Na10,Chugach,,60.72,-146.49,1930,NA,Missing data,,
Na11,Sivokakmeit,,63.34,-170.3,1920,3,100-199,,hughes1958; hughes1960; moore1923
Na12,Nunamiut,,68,-152,1950,2,50-99,,gubser1965; pospisilandlaughlin1963; spencer1959
Na13,Nunatsiarmiut,,65.24,-64.63,1880,1,<50,,boas1888; boas190107
Na14,Inughuit (Northern Greenland),,78,-70,1880,1,<50,,birketsmith1928b; ekblaw192728; kroeber1899; oswalt1963; rasmussen1908; steensby1910
Na15,Tlicho,,63,-117,1860,NA,Missing data,,
Na16,Délįne,,65,-119,1860,NA,Missing data,,
Na17,DeneTha,,61,-120,1860,2,50-99,,helm1961; helmandleacocknd; honigmann1946; macneish1960b; mason1946
Na19,Dakelh,,54,-124,1880,4,200-399,,jenness1943; morice1893; ray1942
Na2,Tareumiut,,71,-157,1880,3,100-199,,chance1966; murdoch1892; spencer1959
Na20,Kutchin,,66,-135,1880,1,<50,,osgood1936; slobodin1962
Na21,Caribou Inuit,,63,-96,1900,1,<50,,birketsmith1929; rasmussen1930
Na22,Iglulik Inuit,,70,-82,1920,1,<50,,birketsmith1928b; damas1964; mathiassen1928; rasmussen1929
Na23,Labrador Inuit,,58,-65,1890,1,<50,,hawkes1916; turner1894
Na24,Tasiilaq,,66,-37,1880,1,<50,,holm1911; ostermann1938; rink1911; thalbitzer1914; thalbitzer191721
Na25,Kalaallit (West Greenland),,68.66,-51.22,1910,NA,Missing data,,
Na26,Dena'ina,,62,-144,1870,NA,Missing data,,
Na27,Tahltan,,58,-131,1870,NA,Missing data,,
Na28,Sekani,,56,-123,1880,NA,Missing data,,
Na29,Beaver,,58,-117,1850,1,<50,,goddard1916
Na3,Copper Inuit,,69,-110,1920,1,<50,,jenness1917; jenness1922; jenness1928; rasmussen1932; stefansson1914
Na30,Dene,,60,-105,1880,1,<50,,birketsmith1930; macneish1960a; vanstone1965
Na31,Eastern Cree,,51,-85,1850,NA,Missing data,,
Na32,Montagnais,,48,-72,1880,3,100-199,,burgesse1944; lane1952; leacock1969; lips1947a; lips1947b; speck1931; speck1935
Na33,Northern Saulteaux,,52,-98,1870,2,50-99,,dunning1959b; hallowell1938a; hallowell1938b; hallowell1939; hallowell1940; hallowell1941; hallowell1942; hallowell1955; hallowell1963; skinner1912
Na34,Pekangekum,,52,-94,1940,1,<50,"The ""co-residential group,"" not the band",dunning1959a; dunning1959b
Na35,Nipigon,,50,-88,1800,2,50-99,,cameron1890; grant1890
Na36,Minnesota Ojibwa,,49,-96,1860,2,50-99,,barnouw1950; barrett1911a; densmore1929; hesketh1923; hilger1939; hilger1951; kinietz1947
Na37,Rainy River Ojibwe,,49,-92,1880,2,50-99,,landes1937a; landes1937b; landes1938
Na38,Katikitegon,,46,-92,1800,2,50-99,,grant1890; kinietz1947
Na39,Eastern Ojibwa,,46,-85,1870,2,50-99,,jenness1935
Na4,Kaska,,59,-128,1920,2,50-99,,honigmann1949; honigmann1954; teit1956; underwoodandhonigmann1947
Na40,Ottawa,,46,-82,1650,NA,Missing data,,
Na41,Mi'kmaq,,47,-65,1700,1,<50,,bock1966; denys1908; johnson1943; leclercq1910; speckanddexter1951; wallisandwallis1955
Na42,Potawatomi,,44,-85,1760,NA,Missing data,,
Na43,Netsilik,,69,-96,1920,1,<50,,balikei1963a; balikei1963b; rasmussen1931
Na44,Nunavimmiut,,62,-76,1910,1,<50,"But 100-199 (code ""3"") today",graburn1964
Na45,Mistissini Cree,,51.75,-72.66,1900,1,<50,,rogers1963a; rogersandrogers1963; speck1923; speck1930
Na5,Naskapi,,58,-70,1890,1,<50,,lips1947a; speck1935; strong1929b; turner1890
Na6,Nunivak,,60,-166,1930,NA,Missing data,,
Na7,Attawapiskat Cree,,53,-83,1900,2,50-99,,gmann1953; honigmann1956b
Na8,Deg Xit'an,,62,-160,1880,NA,Missing data,,
Na9,Aleut,,53.86,-166.79,1830,3,100-199,,bank1953; cook1785; coxe1804; elliott1886; golder192225; jochelson1925; langsdorff1817; lantis1970b; sarychev1806; sauer1802; veniaminov1840
Nb1,Haida,,54,-132,1890,NA,Missing data,,
Nb10,Alkatcho,,53,-126,1865,NA,Missing data,,
Nb11,Nuu chah nulth,,49.16,-125.85,1880,NA,Missing data,,
Nb12,Klahoose,,51,-125,1880,NA,Missing data,,
Nb13,Squamish,,50,-123,1880,NA,Missing data,,
Nb14,Comox,,49.72,-124.97,1880,NA,Missing data,,
Nb15,Lummi,,48.84,-123.27,1880,3,100-199,,curtis1912; stern1934; suttles1954
Nb16,Klallam,,48,-123,1860,2,50-99,,eells1887b; gunthere1927
Nb17,Puyallup,,47,-122,1870,1,<50,,ballard1935; haeberlinandgunther1930; smith1940b
Nb18,Quileute,,47.91,-124.59,1880,1,<50,,pettitt1950
Nb19,Lower Chinook,,45.99,-123.77,1850,NA,Missing data,,
Nb2,Twana,,48,-123,1850,2,50-99,,eells1877; elmendorf1960
Nb20,Tillamook,,44.75,-123.72,1870,NA,Missing data,,
Nb21,Coos,,43,-124,1860,NA,Missing data,,
Nb22,Tlingit,,58.12,-133.92,1880,4,200-399,,durlach1928; jochelson1925; krause1956; oberg1934; swanton1908
Nb23,Heiltsuk,,52,-128,1880,2,50-99,,boas1938; drucker1950; olson1955
Nb24,Makah,,48.33,-124.62,1860,3,100-199,,colson1953; swan1868
Nb25,Quinault,,47.42,-124.16,1860,2,50-99,,olson1936a; willoughby1889
Nb26,Cowichan,,49.01,-122.73,1880,NA,Missing data,,
Nb27,Stó:lō,,49,-122,1880,1,<50,,duff1952; hilltout1902; hilltout1904
Nb28,Alsea,,44,-124,1860,NA,Missing data,,
Nb29,Siuslaw,,44,-124,1860,NA,Missing data,,
Nb3,Kwakwaka'wakw,,51,-127.49,1890,NA,Missing data,,
Nb30,Takelma,,42,-123,1860,NA,Missing data,,
Nb31,Tututni,,42,-124,1870,NA,Missing data,,
Nb32,Shasta,,41,-122,1860,1,<50,,dixon1907; holt1946; kroeber1925d; voegelin1942
Nb33,Chimariko,,41,-123,1860,1,<50,,dixon1910; driver1939
Nb34,Karuk,,42,-123,1860,NA,Missing data,,
Nb35,Hupa,,41,-123,1860,2,50-99,,driver1939; goddard1903; kroeber1934; taylor1947; wallace1947b
Nb36,Wiyot,,39.81,-123.55,1860,1,<50,,driver1939; gifford1922:29-30; kroeber1925a
Nb37,Lassik,,40,-123,1860,NA,Missing data,,
Nb38,Mattole-Bear River,,40.35,-123.47,1860,NA,Missing data,,
Nb39,Sinkyone,,39.73,-123.6,1860,2,50-99,,driver1939; nomland1935
Nb4,Yurok,,41,-124,1850,1,<50,,erickson1943; heizerandmills1952; kroeber1925b; kroeber1960; loeffelholz1893; watermanandkroeber1934
Nb5,Eyak,,60.34,-144.85,1890,1,<50,,birketsmithanddelaguna1938
Nb6,Tolowa,,42,-124,1870,NA,Missing data,,
Nb7,Tsimshian,,54.64,-130.25,1880,NA,Missing data,,
Nb8,Haisla,,54,-129,1880,4,200-399,,lopatin1945; olson1940
Nb9,Nuxalk,,52,-127,1880,2,50-99,,boas1891b; drucker1950; mcilwraith1948; smith1925a
Nc1,Nomlaki,,39,-122,1850,3,100-199,,goldschmidt1951
Nc10,Achumawi,,41,-121,1860,NA,Missing data,,
Nc11,Yana,,41,-122,1860,NA,Missing data,,
Nc12,Maidu,,40,-121,1850,1,<50,"For the hamlet, but 100-199 (code ""3"") for the hamlet cluster",dixon1905; gifford1922:46-47; voegelin1942
Nc13,Nisenan,,39,-121,1850,NA,Missing data,,
Nc14,Wintu,,41,-122,1860,2,50-99,,dubois1935; gifford1922; lee1940; voegelin1942; washington1909
Nc15,Coast Yuki,,39.34,-123.77,1860,NA,Missing data,,
Nc16,Huchnom,,39,-123,1860,NA,Missing data,,
Nc17,Northern Pomo,,39,-123,1860,NA,Missing data,,
Nc18,Eastern Pomo,,39,-123,1860,3,100-199,,aginskyandaginsky1967; barrett1908; barrett1916; barrett1917a; barrett1952; freeland1923; gifford1926a; giffordandkroeber1937b; kroeber1953; loeb1926b
Nc19,Southern Pomo,,38.55,-122.94,1860,NA,Missing data,,
Nc2,Tübalulabal,,39,-118,1850,1,<50,,gifford1917; voegelin1938
Nc20,Wappo,,38.22,-122.56,1860,3,100-199,,driver1936; gifford1922:115-118; radin1924
Nc21,Lake Miwok,,38.75,-123.2,1860,NA,Missing data,,
Nc22,Patwin,,39,-122,1850,NA,Missing data,,
Nc23,Western Mono,,37,-119,1870,2,50-99,,aginsky1943; driver1937; gayton1930; gayton1945; gayton1948a; gifford1922
Nc24,Southern Valley Yokuts,,36,-120,1860,NA,Missing data,,
Nc25,Wukchumni,,36,-119,1860,NA,Missing data,,
Nc26,Salinan,,36,-121,1770,3,100-199,,harrington1942; mason1912
Nc27,Kawaiisu,,35,-118,1860,NA,Missing data,,
Nc28,Chumash,,34.44,-119.71,1800,NA,Missing data,,
Nc29,Tongva,,34,-118,1770,NA,Missing data,,
Nc3,Northern Foothill Yokuts,,36,-120,1850,NA,Missing data,,
Nc30,Serrano,,34,-117,1870,NA,Missing data,,
Nc31,Cahuilla (Desert),,33,-116,1870,NA,Missing data,,
Nc32,Cupeño,,33,-117,1870,NA,Missing data,,
Nc33,Luiseño,,33,-117,1860,3,100-199,,drucker1937; dubois1908; gifford1918:201-214; harrington1934; kroeber1917a; malccot1964; sparkman1908; strong1929a:5-35; white1963
Nc34,Kiliwa,,31,-115,1880,NA,Missing data,,
Nc4,Atsugewi,,41,-121,1860,2,50-99,,garth1944; garth1953; voegelin1942
Nc5,Central Sierra Miwok,,38,-120,1850,NA,Missing data,,
Nc6,Kumeyaay,,32,-116,1850,3,100-199,,drucker1937; gifford1922:68-71; luomala1963; spier1923
Nc7,Yuki,,40,-123,1850,2,50-99,,essene1942; foster1944; gifford1922:118-122
Nc8,Klamath,,43,-122,1860,1,<50,,gatschet1890; pearsall1950; spier1930; stern1965; voegelin1942
Nc9,Modoc,,42,-122,1860,1,<50,,ray1963; voegelin1942
Nd1,Tenino,,45,-121,1850,4,200-399,,murdock1958; ray1942
Nd10,Nlaka'pamux,,50,-122,1860,NA,Missing data,,
Nd11,Shuswap,,51,-120,1850,3,100-199,,ray1942; teit1909
Nd12,Bitterroot Salish,,46,-113,1860,NA,Missing data,,
Nd13,Kalispel,,49,-117,1860,NA,Missing data,,
Nd14,Coeur d’Alene,,48,-117,1860,3,100-199,,ray1942; teit1930
Nd15,Sinkaitk,,49,-120,1880,2,50-99,,clineetal1938
Nd16,Wenatchi,,48,-121,1870,NA,Missing data,,
Nd17,Klikitat,,46,-122,1870,NA,Missing data,,
Nd18,Wishram,,46,-121,1860,2,50-99,,spierandsapir1930
Nd19,Umatilla,,46,-119,1860,NA,Missing data,,
Nd2,Southern Ute,,38,-109,1860,NA,Missing data,,
Nd20,Nez Perce,,45,-115,1850,2,50-99,,curtis1911; elmendorf1963; haines1955; spiden1908
Nd21,Tagotoka,,43,-117,1870,NA,Missing data,,
Nd22,Wadadokado,,43,-119,1870,1,<50,,stewart1937; stewart1941; whiting1950
Nd23,Atsakudokwa,,42,-118,1870,NA,Missing data,,
Nd24,Kidutokado,,42,-120,1870,1,<50,,anguloandfreeland1929; kelly1932; kroeber1917a; stewart1941
Nd25,Sawakudokwa,,41,-118,1870,NA,Missing data,,
Nd26,Wadatkuht,,41,-120,1870,1,<50,,riddell1960
Nd27,Kuyuidokado,,40,-119,1860,1,<50,,park1934; park1937; park1938a; stewart1941
Nd28,Toedokado,,40,-118,1870,NA,Missing data,,
Nd29,Tunava (Deep Springs and Fish Lake),,37,-118,1870,1,<50,,steward1938; steward1941
Nd3,Havasupai,,36,-112,1870,3,100-199,,cushing1882; iliff1954; james1903; smithson1959; spier1928; wpawp1940
Nd30,Eastern Mono,,37,-118,1870,NA,Missing data,,
Nd31,Koso,,36,-118,1850,1,<50,,driver1937; steward1938
Nd32,Tümpisa Shoshone (Saline and Panamint),,36,-117,1850,1,<50,,driver1937; steward1938
Nd33,Beatty,,37,-116,1870,1,<50,,steward1938; steward1941
Nd34,Lida Shoshoni,,37,-117,1870,1,<50,,steward1938; steward1941
Nd35,Mahaguaduka,,39,-117,1870,1,<50,,steward1938; steward1941
Nd36,Wiyambituka,,39,-117,1870,1,<50,,steward1938; steward1941
Nd37,Railroad Valley Shoshoni,,39,-116,1870,1,<50,,steward1938; steward1941
Nd38,Ely Shoshoni,,39,-115,1870,1,<50,,steward1938; steward1941
Nd39,Spring Valley Shoshoni,,40,-115,1870,1,<50,,steward1938; steward1941
Nd4,Sanpoil,,48,-119,1870,2,50-99,,ray1932; ray1942
Nd40,Tubaduka,,40,-113,1870,1,<50,,steward1938; steward1943
Nd41,Wadaduka,,41,-116,1870,NA,Missing data,,
Nd42,Elko Shoshoni,,41,-116,1870,2,50-99,,steward1938; steward1941
Nd43,White Knife Shoshoni,,41,-117,1860,1,<50,,harris1940; steward1941
Nd44,Yahanduka,,42,-115,1850,2,50-99,,steward1938; steward1941
Nd45,Bohogue,,43,-112,1860,2,50-99,,murphyandmurphy1960; steward1938; steward1943
Nd46,Agaiduka,,44,-112,1860,2,50-99,,lowie1909; steward1938; steward1943
Nd47,Tukudika,,44,-111,1850,1,<50,,hultkrantz1957; lowie1909; steward1938
Nd48,Gosiute,,40,-114,1860,1,<50,,malouf1950; steward1938; steward1943; stewart1942
Nd49,Antarianunts,,37,-110,1860,1,<50,,kelly1964; stewart1942
Nd5,Hukundika,,42,-112,1870,NA,Missing data,,
Nd50,Panguitch,,38,-112,1860,1,<50,,kelly1964
Nd51,Moapa,,36,-115,1860,1,<50,,lowie1924; watkins1945
Nd52,Shivwits,,36,-117,1860,NA,Missing data,,
Nd53,Southern Paiute (Kaibab),,36,-113,1860,1,<50,,gifford1917; kelly1938; kelly1964; stewart1942
Nd54,Chemehuevi,,35,-115,1860,NA,Missing data,,
Nd55,Southern Paiute (Las Vegas),,36,-115,1860,1,<50,,driver1937; steward1938; steward1941
Nd56,San Juan,,36,-111,1860,NA,Missing data,,
Nd57,Pahvant,,39,-113,1860,NA,Missing data,,
Nd58,Uintah Ute,,40,-112,1860,NA,Missing data,,
Nd59,Moanunts,,39,-112,1860,NA,Missing data,,
Nd6,Washo,,39,-120,1850,1,<50,,barrett1917b; downs1966; freed1960; lowie1939; stewart1941
Nd60,Moache,,37,-105,1860,NA,Missing data,,
Nd61,Taviwatsiu,,40,-105,1860,NA,Missing data,,
Nd62,Uncompahgre Ute,,39,-107,1860,2,50-99,,lowie1924; stewart1942
Nd63,Bannock,,43,-112,1860,2,50-99,,lowie1930; murphyandmurphy1960; steward1943
Nd64,Wind River Eastern Shoshone,,43,-109,1860,3,100-199,,hultkrantz1958; lowie1924; murphyandmurphy1960; shimkin1947a; shimkin1947b
Nd65,Hualapai,,36,-114,1870,1,<50,,drucker1941; kniffenetal1935
Nd66,Yavapai,,35,-112,1870,NA,Missing data,,
Nd67,Tolkepaya,,34,-114,1870,2,50-99,,gifford1936
Nd7,Kutenai,,50,-117,1880,NA,Missing data,,
Nd8,Chilcotin,,52,-122,1880,1,<50,,lane1963b; morice1893; ray1942; teit1907
Nd9,Lillooet,,50.02,-124.78,1860,NA,Missing data,,
Ne1,Gros Ventre,,48.78,-108.98,1880,NA,Missing data,,
Ne10,Arikara,,46,-101,1860,5,400-1000,,curtis1909b; gilmore1927; lowie1912a; macgowan1942; willandhyde1917
Ne11,Assiniboine,,48,-106,1870,4,200-399,,denig1930; lowie1910; rodnick1938
Ne12,Blackfoot,,51,-112,1850,4,200-399,,ewers1958; hanksandrichardson1945; wissler1910; wissler1911
Ne13,Kainai,,51,-115,1850,3,100-199,,ewers1955; goldfrank1945a; wissler1910; wissler1911
Ne14,Bungi,,51,-100,1850,4,200-399,,hesketh1923; howard1961; howard1965a; skinner1914b
Ne15,Hidatsa,,47,-101,1860,5,400-1000,,bowers1965; curtis1909; matthews1877; wiedneuwied1906; wilson1917
Ne16,Karankawa,,29,-96,1800,NA,Missing data,,
Ne17,Kiowa,,36,-99,1860,3,100-199,,lowie1923; mooney1898; richardson1940
Ne18,Piegan,,49,-115,1850,4,200-399,,ewers1955; josselindejong1912; michelson1916; wissler1911
Ne19,Plains Cree,,45,-94,1850,NA,Missing data,,
Ne2,Kiowa Apache,,36,-99,1870,NA,Missing data,,
Ne20,Santee,,45,-94,1850,NA,Missing data,,
Ne21,Coahuilteco,,29,-99,1760,NA,Missing data,,
Ne3,Comanche,,33,-100,1870,NA,Missing data,,
Ne4,Crow,,45,-108,1870,NA,Missing data,,
Ne5,Cheyenne,,39,-104,1860,NA,Missing data,,
Ne6,Mandan,,47,-101,1830,NA,Missing data,,
Ne7,Sarcee,,54,-110,1880,NA,Missing data,,
Ne8,Teton,,43,-103,1870,NA,Missing data,,
Ne9,Arapaho,,40,-103,1860,4,200-399,,eggan1937b; elkin1940b; hilger1952; kroeber190207; michelson1934
Nf10,Iowa,,41,-95,1870,NA,Missing data,,
Nf11,Otoe,,40,-95,1870,NA,Missing data,,
Nf12,Ponca,,43,-99,1850,NA,Missing data,,
Nf13,Shawnee,,37,-85,1820,NA,Missing data,,
Nf14,Caddo,,33,-93,NA,NA,Missing data,,
Nf15,Kickapoo,,43,-90,1870,NA,Missing data,,
Nf2,Ho Chunk,,44,-88,1850,NA,Missing data,,
Nf3,Omaha,,41,-96,1850,2,50-99,,dorsey1884; fletcherandlaflesche1911; fortune1932a; mead1932b
Nf4,Myaamia,,40,-86,1720,5,400-1000,,kinietz1940b; morgan1871
Nf5,Wichita,,34,-98,1860,NA,Missing data,,
Nf6,Pawnee,,42,-100,1867,4,200-399,,dorsey1904b; dorseyandmurie1940; lounsbury1956; weltfish1965
Nf7,Fox,,45,-95,1830,NA,Missing data,,
Nf8,Hasinai,,31,-95,1770,NA,Missing data,,
Nf9,Menominee,,46,-88,1870,NA,Missing data,,
Ng1,Huron,,44,-78,1640,5,400-1000,,kinietz1940a; tooker1964; trigger1969
Ng10,Seneca,,43,-77,1750,4,200-399,,fenton1940; goldenweiser191213; hunt1940; morgan1871; morgan1877; morgan1901; noon1949; quain1937
Ng11,Yuchi,,35,-86,1750,NA,Missing data,,
Ng12,Choctaw,,33,-88,1760,NA,Missing data,,
Ng13,Abenaki,,46,-70,NA,NA,Missing data,,
Ng14,Chickasaw,,35,-85,NA,NA,Missing data,,
Ng15,Chitimacha,,30,-90,1750,NA,Missing data,,
Ng2,Seminole,,27,-81,1940,NA,Missing data,,
Ng3,Muscogee,,33,-84,1750,5,400-1000,,bartram1953; murdock1956; speck1907; swanton1928a; swanton1928c; swanton1946
Ng4,Penobscot,,45,-68,1900,NA,Missing data,,
Ng5,Cherokee,,36,-83,1750,4,200-399,,gearing1962; gilbert1937; gilbert1943; swanton1946
Ng6,Delaware,,41,-75,1700,4,200-399,,harrington1913; herman1950; newcomb1956; wallace1947a
Ng7,Natchez,,32,-91,1700,4,200-399,,macleod1924; swanton1911; whiteetal1971
Ng8,Timucua,,27,-82,1560,NA,Missing data,,
Ng9,Catawba,,35,-80,1920,NA,Missing data,,
Nh1,Chiricahua,,31,-108,1880,NA,Missing data,,
Nh10,Isleta,,35,-107,1920,6,1000-5000,,parsons1932a; trager1943
Nh11,San Ildefonso,,36,-106,1900,4,200-399,,dozier1954; dozier1961; parsons1929; robbinsetal1916; whitman1940
Nh12,Santa Ana,,35,-107,1920,4,200-399,,gifford1940; white1942
Nh13,Acoma,,35,-108,1920,6,1000-5000,,eggan1950; mickey1956; miller1959; white1932; white1943
Nh14,Laguna,,35,-107,1920,6,1000-5000,,eggan1950; parson1923
Nh15,Mescalero,,33,-103,1870,NA,Missing data,,
Nh16,Jicarilla,,36,-104,1870,NA,Missing data,,
Nh17,Western Apache,,34,-110,1870,1,<50,,gifford1940; goodwin1935; goodwin1942; kaut1957; lockwood1938; opler1941
Nh18,Hopi,,36,-111,1920,4,200-399,,beaglehole1937; beagleholeandbeaglehole1935; dennis1940; eggan1950; hrdlicka1935; lowie1929; murdock1934n; simmons1942; titiev1944; voegelinandvoegelin1957
Nh19,Cocopa,,32,-115,1850,NA,Missing data,,
Nh2,Hano,,36,-111,1950,5,400-1000,,dozier1954
Nh20,Kamia,,33,-115,1860,NA,Missing data,,
Nh21,Mojave,,35,-114,1850,NA,Missing data,,
Nh22,Quechan,,33,-114,1860,1,<50,,bee1963; drucker1937; forde1931; halpern1942
Nh23,Kewyipaya,,34,-111,1870,NA,Missing data,,
Nh24,Lipan Apache,,30,-100,1880,NA,Missing data,,
Nh25,Sia,,36,-107,1920,4,200-399,,hawleyetal1943; stevenson1894; white1962
Nh26,Santa Clara,,36,-106,1910,NA,Missing data,,
Nh27,Kewa,,36,-105,1930,NA,Missing data,,
Nh3,Navajo,,37,-110,1930,4,200-399,,franciscanfathers1910; goldfrank1945b; hill1938; kluckhohn1947; kluckhohnandleighton1946; leightonandkluckhohn1947; reichard1928
Nh4,Zuni,,35,-109,1910,6,1000-5000,,benedict1934:57-129; bunzel1930; bunzel1932; cushing1920; eggan1950; gifford1940; kroeber1917b; leightonandadair1966; parsons1919; roberts1956; robertsnd; smith1954b; stevenson1904; stevenson1909
Nh5,Maricopa,,33,-113,1850,2,50-99,,drucker1941; spier1933
Nh6,Taos,,37,-106,1890,5,400-1000,,parsons1936b; trager1943
Nh7,Cochiti,,36,-106,1890,5,400-1000,,dumarest1919; goldfrank1927; parsons1932b
Nh8,Jemez,,36,-107,1920,5,400-1000,,hawley1964; parsons1925; parsons1932b
Nh9,Picuris,,36,-106,1920,3,100-199,,parsons1939; trager1943
Ni1,Tarahumara,,28,-107,1930,NA,Missing data,,
Ni2,Tohono O'odham,,31,-112,1930,NA,Missing data,,
Ni3,Huichol,,22,-105,1920,5,400-1000,,grimesandgrimes1962; grimesandhinton1969; klineberg1934; lumholtz1898; lumholtz1902; zingg1938
Ni4,Seri,,29,-112,1900,NA,Missing data,,
Ni5,Chichimeca,,22,-100,1570,NA,Missing data,,
Ni6,Pima,,31,-111,1840,NA,Missing data,,
Ni7,Yaqui,,28,-110,1870,NA,Missing data,,
Ni8,Opata,,30,-110,1550,NA,Missing data,,
Ni9,Tepehuán,,27,-107,1920,NA,Missing data,,
Nj1,Chinantec,,18,-96,1940,5,400-1000,,merrifield1959; weitlaner1951; weitlanerandcastroguevara1954
Nj10,Zapotec,,17,-96,1940,7,5000-50000,,fuente1949; nader1964; parsons1936a
Nj11,Huastec,,22,-99,NA,NA,Missing data,,
Nj12,Mixtec,,18,-98,1950,NA,Missing data,,
Nj13,Otomí,,20,-99,1900,NA,Missing data,,
Nj14,Tequistlatec,,16,-96,1960,NA,Missing data,,
Nj2,Aztec,,19,-99,1520,8,50000+,,holtker1930; murdock1934b:359-402; prescott1922; sahagun195057; selersachs1919; soustelle1961; thompson1933; vaillant1941
Nj3,Sierra Popoluca,,18,-95,1940,NA,Missing data,,
Nj4,Totonac,,20,-97,1940,7,5000-50000,,kellyandpalerm1952; kriekenberg1918; palerm195253
Nj5,Mazateco,,18,-97,1940,NA,Missing data,,
Nj6,Huave,,16.22,-95.02,1950,NA,Missing data,,
Nj7,Mixe,,17,-95,1930,NA,Missing data,,
Nj8,Tarasco,,19,-101,1500,NA,Missing data,,
Nj9,Tlaxcalans,,19,-98,1960,7,5000-50000,,nutini1962; nutini1965
Sa1,Guna,,9,-78,1940,2,50-99,,depuydt1868; holloman1969; holmer1951; krieger1926; nordenskiold1938; stout1947; wafer1934
Sa10,Lacandon,,16.9,-91,1900,NA,Missing data,,
Sa11,Kaqchikel,,14,-91,1880,NA,Missing data,,
Sa12,Lenca,,14,-88,1948,NA,Missing data,,
Sa13,K'iche',,15,-91,1930,NA,Missing data,,
Sa14,Ngäbe,,8,-81,NA,NA,Missing data,,
Sa15,Jakaltek,,14,-90,1920,NA,Missing data,,
Sa16,Tolupan,,15,-87,NA,NA,Missing data,,
Sa17,Poqomam,,15,-91,1950,NA,Missing data,,
Sa2,Tzeltal,,17,-92,1940,NA,Missing data,,
Sa3,Ch'orti',,14,-89,1930,NA,Missing data,,
Sa4,Emberá,,8,-78,1960,2,50-99,,faron1961a; faron1962; reicheldolmatoff1960; stout1948
Sa5,Bribri,,9,-83,1950,NA,Missing data,,
Sa6,Yucatec Maya,,18,-90,1520,7,5000-50000,,carrasco1967; chamberlain1951; gannandthompson1931; redfieldandvillarojas1934; roys1943; roys1951; roys1957; thompson1927; tozzer1941; vonhagen1957
Sa7,Garifuna,,16,-89,1940,6,1000-5000,,solien1960a; solien1960b; taylor1951
Sa8,Mam,,15,-92,1930,6,1000-5000,,wagley1941; wagley1949b
Sa9,Miskito,,14.766,-84.089,1920,3,100-199,,conzemius1932; helms1969; helms1971; kirchhoff1948a; pijoan1946
Sb1,Callinago,,15.41,-61.27,1650,NA,Missing data,,
Sb2,Cágaba,,11,-74,1940,NA,Missing data,,
Sb3,Barí (Motilon),,9,-72,1940,1,<50,,holder1947; reicheldolmatoff1945; reicheldolmatoffandclark1950
Sb4,Cariña,,9,-64,1950,5,400-1000,,schwein1963; schwerin1966; schwerin1967; wilbert1957a
Sb5,Paraujano,,11,-72,1950,NA,Missing data,,
Sb6,Wayuu,,12,-72,1940,1,<50,,armstrongandmetraux1948; bolinder1957; gutierrezdepineda1948; pinedagiraldo1950; santacruz1941; santacruz1960; simons1885; watson1973; wilbert1962
Sb7,Yupa,,9,-72,1950,1,<50,,wilbert1961b
Sb8,Taíno,,19.94,-75.37,1520,NA,Missing data,,
Sb9,Haitians,,18.41,-72.17,1930,8,50000+,,bastien1951; courlander1960; herskovits1937b; leyburn1941; metraux1959; metraux1960; mintz1963; rawsonnd; romain1955; simpson1940a; simpson1943; underwood1960; underwoodandhonigmann1947
Sc1,Warao,,9,-62,1950,2,50-99,,hill1956; kirchhoff1948b; moreno1945; suarez1968; wilbert1958b; wilbert1964
Sc10,Lokono,,5.95,-56.98,1900,1,<50,,coll1903; geoje1910; kirchhoff1931; taylor1957
Sc11,Camaracoto,,6,-63,1930,NA,Missing data,,
Sc12,Macushi,,4,-59,1910,NA,Missing data,,
Sc13,Panare,,6,-66,1950,1,<50,,riley1954; wilbert1959a; wilbert1963
Sc14,Rucuyen,,3,-55,1890,NA,Missing data,,
Sc15,Taulípang,,4,-62,1910,NA,Missing data,,
Sc16,Ye'kuana,,3,-65,1920,NA,Missing data,,
Sc17,Piapoco,,6,-68,1950,1,<50,,wilbert1963
Sc18,Ndyuka,,5,-54,1960,3,100-199,,geyskes1954; kobben1967a; kobben1967b; thodenvanvelzen1966; vanderkuyp1962
Sc2,Pumé,,7,-68,1950,NA,Missing data,,
Sc3,Barama River Carib,,5,-59,1930,1,<50,,gillin1936; gillin1948; gillinnd; roth1924
Sc4,Guahibo,,5,-69,1950,2,50-99,,wilbert1957b; wilbert1963
Sc5,Wapishana,,3,-60,1900,NA,Missing data,,
Sc6,Saramaccan ,,4,-56,1920,NA,Missing data,,
Sc7,Yabarana,,5,-66,1950,1,<50,,wilbert1959b
Sc8,Piaroa,,5,-67,1950,NA,Missing data,,
Sc9,Curripaco,,5,-67,1950,1,<50,,wilbert1960a; wilbert1963
Sd1,Munduruku,,-6,-58,1950,2,50-99,,frikel1959; kruse1937; martius186367; murphy1956; murphy1957; murphy1958; murphy1960; tocantins1877
Sd2,Tapirapé,,-11,-52,1930,3,100-199,,wagley1943; wagleyandgalvao1948a
Sd3,Palikur,,3,-52,1920,NA,Missing data,,
Sd4,Guaica,,2,-65,1950,2,50-99,,barker1953; zerries1954
Sd5,Sateré Mawé,,-4,-57,1950,2,50-99,,lecock1964; nimuendaju1948
Sd6,Shiriana,,4,-63,1960,2,50-99,,migliazza1964
Sd7,Wai-wai,,1,-59,1950,NA,Missing data,,
Sd8,Sanema,,4,-66,1950,1,<50,,wilbert1963
Sd9,Yanomami,,2,-65,1965,2,50-99,,chagnon1967; chagnon1968a; chagnon1968b
Se1,Sirionó,,-16,-64,1940,1,<50,,holmberg1950
Se10,Cocama,,1,-79,1670,5,400-1000,,espinosa1935; metraux1948b; tessmann1930
Se11,Chácobo,,-12,-67,1960,NA,Missing data,,
Se12,Tucano,,0,-70,1950,NA,Missing data,,
Se2,Ticuna,,-3,-70,1940,3,100-199,,leeds1961; nimenuendaju1952
Se3,Shuar,,-3,-78,1930,1,<50,,harner1960; harner1962; karsten1935; rivet190708; stirling1938; updegraff1923
Se4,Yagua,,-3,-72,1940,1,<50,,fejos1943
Se5,Cubeo,,1,-71,1940,1,<50,,goldman1948; goldman1963
Se6,Witoto,,-1,-74,1910,NA,Missing data,,
Se7,Camba,,-18,-63,1950,NA,Missing data,,
Se8,Amahuaca,,-10,-72,1950,1,<50,,carneiro1962; carneiro1964a; carneiro1964b; carneiro1968; dole1961; dole1962; huxley1964; tessmann1930
Se9,Shipibo-Conibo,,-9,-74,1920,1,<50,,stcricq1853; stewardandmetraux1948a
Sf1,Inca,,-13,-72,1530,7,5000-50000,,baudin1961; baudin1962; brundage1963; ciezadeleon1554; cobo189095; mason1957; means1931; metraux1969; molima1915; murdock1934b:403-450; rowe1946
Sf2,Aymara,,-16,-69,1940,5,400-1000,,bouronclecarreon1964; labarre1948; tschopik1946; tschopik1951
Sf3,Chachi,,1,-79,1910,5,400-1000,,altschuler1965a; altschuler1965b; altschuler1971; barrett1925; heimann1932; murra1948
Sf4,U'wa,,7,-72,1950,3,100-199,,rochereau1919; rochereau1961; wilbert1960b
Sf5,Páez,,3,-76,1900,NA,Missing data,,
Sf6,Muisca,,5,-72,1540,7,5000-50000,Inferred from the report of large fortified towns,ghisletti1954; kroeber1946; restrepo1895
Sf7,Asháninka,,-8,-75,1900,1,<50,,caldwellandcalhoun1932; craig1967; nordenskiold1924; stewardandmetraux1948b
Sf8,Piro,,-12,-73,1950,NA,Missing data,,
Sf9,Uru,,-16,-69,1930,NA,Missing data,,
Sg1,Yahgan,,-55.02,-68.98,1870,1,<50,,cooper1917; cooper1946a; gusinde1937b
Sg2,Mapuche,,-39,-68,1880,2,50-99,,faron1961b; faron1964; faron1968; hilger1957; nutini1972; titiev1951
Sg3,Ona,,-54,-69,1880,2,50-99,,baerandschmitz1964; bridges1949; gallardo1910; gusinde1931a; gusinde1931a; lothrop1928; lowie1948; steward1949
Sg4,Tehuelche,,-46,-70,1870,2,50-99,,bourne1874; cooper1946c; musters1871; musters1972; viedma1837
Sg5,Alacaluf,,-52,-74,1900,1,<50,,bird1946; cooper1917
Sh1,Wichí,,-24,-63,1860,2,50-99,,karsten1932; pelleschi1896
Sh2,Terena,,-21,-58,1850,NA,Missing data,,
Sh3,Abipón,,-29,-61,1800,NA,Missing data,,
Sh4,Kadiwéu,,-22,-57,1940,NA,Missing data,,
Sh5,Choroti,,-22,-62,1910,1,<50,,karsten1932; nordenskiold1919; rosen1924a
Sh6,Chamacoco,,-20,-59,1890,NA,Missing data,,
Sh7,Guaraní,,-20,-63,1900,NA,Missing data,,
Sh8,Toba,,-25,-60,1964,4,200-399,,karsten1932; metraux1937; miller1965; miller1966; niklison1916; palavecino1955
Sh9,Lengua,,-23,-59,1890,NA,Missing data,,
Si1,Bororo,,-16,-55,1920,NA,Missing data,,
Si10,Kuikuru,,-13,-54,1950,3,100-199,,carneiro1958; carneiroanddole1957; dole1958
Si2,Trumai,,-12,-53,1930,1,<50,,levistrauss1948c; murphyandquain1955
Si3,Bacairi,,-14,-55,1940,1,<50,,oberg1948b; oberg1953:1-144; steinen1892
Si4,Nambikwara,,-12,-59,1940,1,<50,,levistrauss1944; levistrauss1948a; levistrauss1948b; levistrauss1955:235-310; oberg1953:82-105; roquettepinto1935
Si5,Kamayurá,,-12,-54,1940,3,100-199,,oberg1953:1-144
Si6,Guató,,-19,-58,1900,NA,Missing data,,
Si7,Paresi,,-15,-58,1910,1,<50,,metraux1948a; schmidt1914
Si8,Umotina,,-15,-57,1940,2,50-99,,oberg1953:1-144
Si9,Aweti,,-12,-54,1940,NA,Missing data,,
Sj1,Carajá,,-12,-50,1950,NA,Missing data,,
Sj10,Cayua,,-26,-54,1950,NA,Missing data,,
Sj11,Shavante,,-14,-52,1958,3,100-199,,mayburylewis1967; nimuendaji1942
Sj2,Sherente,,-9,-48,1850,NA,Missing data,,
Sj3,Aweikoma,,-28,-50,1910,1,<50,,henry1941; metraux1946caingang; paula1924
Sj4,Canela,,-7,-45,1930,3,100-199,,arnaud1964; crocker1961; kissenberth1912; lowie1946; nimuendaju1946; snethlage1930
Sj5,Aimoré,,-18,-42,1880,2,50-99,,ehrenreich1887; keane1883; metraux1946botocudo; sainthilaire193033; wiedneuwied182021
Sj6,Tenetehara,,-3,-46,1930,NA,Missing data,,
Sj7,Apinaye,,-6,-49,1920,2,50-99,,mayburylewis1960; nimuendaju1939
Sj8,Tupinambá,,-8,-35,1600,4,200-399,,abbeville1614; cardim1906; devreux1864; lery1880; lery1906; magalhaesdegandavo1922; metraux1948c; soaresdesouza1851; staden1928; thevet1878
Sj9,Kayapo,,-8,-52,1950,3,100-199,,dreyfus1963; krause1911; soatesdiniz1962
ch12,Bashkir,,54,56,1899,8,50000+,,bikbulatov1964; bikbulatov1980; bikbulatov1980a; bikbulatov1981; bikbulatovandkuzeev1976; bikbulatovandpimenov1998; janguzin1987; karlov1990; kazantsev1866; kinkov1927; kozlova1964; kozlova1982; maksimov1997a; maksimov1997b; nazarov1890; nikolskij1899; rudenko1925; rudenko1953; shakirova1988; tolstov1964; vangennep1960
ch13,Besermyan,,58,52,1894,4,200-399,,miheev1901; popova1992; shkljaev1997; stejnfeld1894; vladykinandpanova1998
ch14,Chuvash,,57,53,1908,4,200-399,,aleksandrov1899; denisova1984; fuks1840; guzenkovaandivanov1998; jagafova1998; karlov1990; komissarov1911; kozlova1964; kozlova1982; maksimov1997a; maksimov1997b; mihajlov1882; nikolskij1908; rittih1870; sboevnd; semenov1900b; skvortsov2001; tolstov1964; vorobevandromanov195670
ch15,Erzya Mordvins,,53,50,1895,6,1000-5000,,balashov1995; belitserandkotkova1963; fedjanovich1997; jurchenkov1995; karlov1990; kozlov1981; kozlova1964; kozlova1982; majnov1885; maksimov1997a; maksimov1997b; markelov1928; melnikov1981; mokshin1990; mokshinandfedjanovich1998; petruhinandhelimskij1982; serkina2002; smimov1895; tolstov1964; tumajkin1974
ch16,Estonians,,59,26,1908,8,50000+,,aleksandrovandshlygina1971; feoktistova1980; karlov1990; kozlova1982; luts1959; rejsner1916; sedov1987; tijk1977; tolstov1964; viaari1953; vulfson1908; wiedemann1876
ch17,Gagauz,,45.44,29.32,1894,7,5000-50000,,guboglo1998; moshkov1900; semenov1900c; tolstov1964
ch18,Ingrians,,59,29,1927,2,50-99,,keppen1853; kiuru1993; konkova1995; laanest1974; sedov1987; semenov1900a; shlygina1998a; sjogren1833; tolstov1964; ushakov1990; uspenskij1845; zolotarev1927
ch19,Karelians,,64,33,1874,2,50-99,,cheremin1909; efimenko1877; kiuru1993b; klementev1983; klementev1998; kochkurkina1986; kozlova1982; lennrot1985; majnov1877; maksimov1997c; malmi1987; nikolskaja1976; semenov1900a; surhasko1977; surhasko1985; taroeva1965; tolstov1964; zherbin1983
ch20,Kazan tatar,,55,50,1910,8,50000+,,ahmarov1907; ishakovetal1998; karlov1990; kozlova1964; kozlova1982; maksimov1997a; maksimov1997b; pinegin1891; putsykovich1900; ramazanova1991; rittih1870; speranskij1914; suharev1904; vorobev1953; vorobevandhisamutdinov1967; znamenskij1910
ch21,Latvians,,57,24,1881,8,50000+,,aleksandrov1900a; aleksandrovandshlygina1971; anonymous1869; cheshihinvetrinskijv1901; efremova1982; karlov1990; kozlova1982; novoselov1911; rejsner1916; sedov1987; shtraus1994; tolstov1964; trejland1881; volter1890
ch22,Lithuanian Karaim,,55,23,1895,5,400-1000,,eljashevish1994; firkovich1969; hafuz1994; kefeli1992; maciuika1955; muhlinskij1862; muhlinskij1902; shapshal1995; tuhanbaranowski1896; vjartsinkjavjachus1989
ch23,Lithuanian Tatar,,55,24,1905,3,100-199,,grishin1995; ishakovetal1998; muhlinskij1902; shimelevich1905; tuhanbaranowski1896
ch24,Livs,,57,23,1847,3,100-199,,beitipa1995; hillner1847; koppen1847; sjogren1847; sjogren1849; sjogren1855; tolstov1964; videman1870
ch25,Moldovans,,47,29,1900,7,5000-50000,,aleksandrov1900b; kantemir1973; karlov1990; kozlova1982; pljusnin1899; postolaki1987; salmanovich1947; semenov1900c; tolstov1964; zashchuk1859
ch26,Udmurt,,57,53,1890,4,200-399,,buch1882; busyginandzorin1984; dolganovaetal1995; fedjanovich1997; haruzina1898; hristoljubova1981; ivanova1999; karlov1990; kozlova1964; kozlova1982; majer1985; maksimov1997a; maksimov1997b; petruhinandhelimskij1982; pimenov1993; rittih1870; shkljaev1992; simchenko1990; smimov1890; tolstov1964; vasilev1902; vereshchagin1886; vereshchagin1889; vladykinandhristoljubova1984; vladykinandhristoljubova1985; vladykinandhristoljubova1997; vladykinandhristoljubova1998
ch27,Veps,,61,35,1900,2,50-99,,borisova1924; etoeva1977; kozlova1982; makarev1929; makarev1932; malinovskaja1930; morev1924; pimenov1965; ravdonikas1926; sedov1987; semenov1900a; tolstov1964; ushakov1990
ch28,Votes,,59,29,1900,2,50-99,,jazykov1840; keppen1851; konkova1996; sedov1987; semenov1900a; shlygina1998b; sjogren1833; tolstov1964; uspenskij1845
ec12,Nganasan,,72,90,1930,1,<50,,afanaseva1990; fainberg1962; gracheva1983; gracheva1988; gracheva1994; pevgova1939; popov1948; popov1984; simchenko1963; simchenko1974; simchenko1976
ec13,Itelmen,,54.98,161.79,1710,2,50-99,,krasheninnikov1994; kreinovich1973; orlova1999; steller1999
ec14,Ungazikmit,,64,-173,1880,2,50-99,,chlenov1973; krupnik1983b; lopulenko1980; menovshchikov1961
ec15,Mansi,,63,62,1880,2,50-99,,duningorkavich1904; korikov1898; nosilov1904; novikova1994; pavlovskij1907; pevgova1939; rombandeevaandkuzakova2000; sokolova1974; sokolova1983; sokolova1991
ec16,Evenk,,55,112,1890,1,<50,,karlov1982; kudrin1988; mazin1992; shirologoroff1933; sokolova1962; tugolukov1962; tugolukov1985; varlamov1997; vasilevich1962; vasilevich1969
ec17,Negidal,,52,134,1890,2,50-99,,gapanovich1927; levinandpotapov1956:776-780; shternberg1933a
ec18,Ulch,,50,136,1890,2,50-99,,ivashchenko1994; levinandpotapov1956:817-824; smoljak1966; sunik1985
ec19,Orok,,54.01,142.71,1890,2,50-99,,levinandpotapov1956:857-859; petrova1969; shternberg1933a; smoljak1994
ec20,Oroch,,51,138,1890,2,50-99,,iochelson1908; larkin1964; levinandpotapov1956:845-849; lopatin1925; shternberg1933a; smoljak1994; turaev2001
ec21,Udihe,,47,136,1890,2,50-99,,arsenev1926; girfanova2000; ivashchenko1989; kormushin1998; larkin1958; levinandpotapov1956; startsev2000
